title,developer,year,plays,backlogs,wishlists,currently_playing,ratings,average_rating,reviews,audience_interest,backlog_share_pct,popularity_rank,label_text
Grand Theft Auto V,"Rockstar North, Rockstar Games",2013,142000,15000,3000,3900,91000,4,8600,157000,9.55,1,Grand Theft Auto V
Hollow Knight,Team Cherry,2017,113000,37000,11000,12000,77000,4.4,13000,150000,24.67,2,Hollow Knight
Elden Ring,"FromSoftware, Bandai Namco Entertainment",2022,120000,28000,18000,13000,88000,4.5,16000,148000,18.92,3,Elden Ring
Red Dead Redemption 2,"Rockstar Games, Take-Two Interactive",2018,114000,33000,13000,11000,82000,4.6,13000,147000,22.45,4,
The Legend of Zelda: Breath of the Wild,"Nintendo EPD Production Group No. 3, Nintendo",2017,124000,20000,9800,7400,84000,4.4,11000,144000,13.89,5,
Portal 2,"Valve, Electronic Arts",2011,121000,20000,5000,2100,76000,4.5,8100,141000,14.18,6,
Minecraft: Java Edition,Mojang Studios,2011,129000,4600,806,7800,79000,4.3,10000,133600,3.44,7,Minecraft: Java Edition
Undertale,"tobyfox, 8-4",2015,109000,23000,7200,3100,72000,4.3,11000,132000,17.42,8,
God of War,"SIE Santa Monica Studio, Sony Interactive Entertainment",2018,109000,21000,10000,3500,75000,4.3,8200,130000,16.15,9,
Hades,"Supergiant Games, Netflix",2020,102000,27000,12000,9900,67000,4.3,8300,129000,20.93,10,
Portal,"Valve, Electronic Arts",2007,115000,14000,4500,1100,71000,4.1,7100,129000,10.85,11,
Cyberpunk 2077,"CD Projekt RED, CD Projekt",2020,92000,29000,14000,9900,63000,4.1,10000,121000,23.97,12,
Stardew Valley,"ConcernedApe, Chucklefish Games",2016,99000,18000,5000,10000,60000,4.2,7600,117000,15.38,13,
The Witcher 3: Wild Hunt,"CD Projekt RED, WB Games",2015,81000,33000,7300,5600,50000,4.4,4800,114000,28.95,14,
Celeste,"Extremely OK Games, Maddy Makes Games",2018,86000,24000,7200,4700,57000,4.3,8400,110000,21.82,15,
Super Mario Odyssey,"Nintendo EPD Production Group No. 8, Nintendo",2017,97000,13000,7000,2800,63000,4.3,7200,110000,11.82,16,
Marvel's Spider-Man,"Insomniac Games, Sony Interactive Entertainment",2018,98000,11000,7400,1800,65000,4.1,6600,109000,10.09,17,
Dark Souls III,"FromSoftware, Bandai Namco Entertainment",2016,85000,19000,9900,3200,58000,4.3,7100,104000,18.27,18,
The Elder Scrolls V: Skyrim,"Bethesda Game Studios, Bethesda Softworks",2011,89000,15000,4700,2500,52000,3.9,4500,104000,14.42,19,
Cuphead,Studio MDHR,2017,82000,21000,9700,4300,50000,4.1,6200,103000,20.39,20,
Among Us,Innersloth,2018,99000,3100,345,1000,54000,3.1,7000,102100,3.04,21,
Resident Evil 2,"Capcom Development Division 1, Capcom",2019,83000,18000,7100,2800,57000,4.3,7200,101000,17.82,22,
Super Smash Bros. Ultimate,"Sora, Nintendo",2018,90000,4400,2500,2900,52000,4.1,5600,94400,4.66,23,
Bloodborne,"FromSoftware, Sony Computer Entertainment",2015,70000,24000,14000,3700,47000,4.5,6800,94000,25.53,24,
Terraria,"Re-Logic, 505 Games",2011,82000,11000,2800,2900,48000,4.1,6100,93000,11.83,25,
Grand Theft Auto: San Andreas,"Rockstar North, Rockstar Games",2004,81000,11000,3300,1200,47000,4.2,3700,92000,11.96,26,
Doom,"id Software, Bethesda Softworks",2016,73000,18000,5000,2100,45000,4,4700,91000,19.78,27,
NieR: Automata,"PlatinumGames, Square Enix",2017,63000,27000,13000,3800,40000,4.3,4600,90000,30,28,
Sekiro: Shadows Die Twice,"FromSoftware, Activision",2019,66000,23000,13000,3500,43000,4.5,5500,89000,25.84,29,
Star Wars Jedi: Fallen Order,"Respawn Entertainment, Electronic Arts",2019,71000,17000,4400,2200,45000,3.7,4700,88000,19.32,30,
Baldur's Gate III,Larian Studios,2023,61000,26000,17000,16000,42000,4.6,7800,87000,29.89,31,
BioShock Infinite,"Irrational Games, 2K Games",2013,67000,20000,4300,639,40000,3.7,3300,87000,22.99,32,
The Legend of Zelda: Tears of the Kingdom,"Nintendo EPD Production Group No. 3, Nintendo",2023,64000,23000,14000,11000,44000,4.3,7900,87000,26.44,33,
Mario Kart 8 Deluxe,"Nintendo EPD Production Group No. 7, Nintendo",2017,83000,3600,1900,2500,46000,4.1,4300,86600,4.16,34,
Fortnite,Epic Games,2020,84000,2400,208,5500,47000,3.1,6500,86400,2.78,35,
Batman: Arkham Asylum,"Rocksteady Studios, Eidos Interactive",2009,72000,14000,3500,1200,44000,3.9,3700,86000,16.28,36,
Fallout: New Vegas,"Obsidian Entertainment, Bandai Namco Entertainment",2010,62000,24000,5700,3200,38000,4.3,4800,86000,27.91,37,
Persona 5 Royal,"Atlus, Sega",2019,62000,24000,11000,8200,44000,4.5,7700,86000,27.91,38,
Left 4 Dead 2,"Turtle Rock Studios, Valve",2009,78000,7600,1600,1400,44000,3.9,3700,85600,8.88,39,
Fallout 4,"Bethesda Game Studios, Bethesda Softworks",2015,68000,17000,4100,2300,41000,3.3,3900,85000,20,40,
BioShock,"2K Boston, 2K Games",2007,65000,19000,5100,1400,37000,4.1,2800,84000,22.62,41,
Super Mario Galaxy,"Nintendo EAD, Nintendo",2007,72000,12000,4500,1500,43000,4.4,4400,84000,14.29,42,
Batman: Arkham City,"Rocksteady Studios, WB Games",2011,67000,16000,3700,1000,41000,4.2,3400,83000,19.28,43,
Batman: Arkham Knight,"Rocksteady Studios, Warner Bros. Interactive Entertainment",2015,62000,21000,4100,1500,39000,4,4000,83000,25.3,44,
The Last of Us,"Naughty Dog, Sony Computer Entertainment",2013,73000,9400,6600,955,45000,4.3,3600,82400,11.41,45,
Marvel's Spider-Man: Miles Morales,"Insomniac Games, Sony Interactive Entertainment",2020,69000,12000,8900,1400,47000,3.7,6000,81000,14.81,46,
Borderlands 2,"Gearbox Software, 2K Games",2012,66000,14000,2400,1500,37000,3.7,3200,80000,17.5,47,
Super Mario 64,"Nintendo EAD, Nintendo",1996,70000,9700,2900,1300,41000,4.1,4500,79700,12.17,48,
Half-Life 2,"Valve, Electronic Arts",2004,59000,20000,4500,1300,36000,4.4,3700,79000,25.32,49,
Tomb Raider,"Crystal Dynamics, Feral Interactive",2013,66000,13000,2800,865,38000,3.6,2700,79000,16.46,50,
Detroit: Become Human,"Quantic Dream, Sony Interactive Entertainment",2018,65000,13000,7500,1400,43000,3.8,4900,78000,16.67,51,
Far Cry 3,"Ubisoft Montreal, Ubisoft Entertainment",2012,67000,10000,3500,841,39000,3.9,3100,77000,12.99,52,
Resident Evil 4,"Capcom Development Division 1, Capcom",2023,59000,18000,14000,3300,43000,4.5,7900,77000,23.38,53,
Animal Crossing: New Horizons,"Nintendo EPD Production Group No. 5, Nintendo",2020,71000,5500,3500,4000,41000,3.6,4900,76500,7.19,54,
Assassin's Creed IV Black Flag,"Ubisoft Montreal, Ubisoft Entertainment",2013,64000,12000,4100,1100,38000,3.9,3200,76000,15.79,55,
Dark Souls: Remastered,"QLOC, Bandai Namco Entertainment",2018,62000,14000,7300,3400,40000,4.3,5700,76000,18.42,56,
Doom Eternal,"id Software, Bethesda Softworks",2020,55000,21000,7800,2200,35000,4.2,4500,76000,27.63,57,
Resident Evil 7: Biohazard,Capcom,2017,62000,14000,5500,1400,41000,4,4800,76000,18.42,58,
Yakuza 0,"Sega Games, Sega",2015,53000,23000,7500,4700,36000,4.4,5400,76000,30.26,59,
Rocket League,Psyonix,2015,73000,2700,311,2200,40000,3.3,3500,75700,3.57,60,
Grand Theft Auto IV,"Rockstar North, Rockstar Games",2008,63000,11000,4100,1700,36000,4,2900,74000,14.86,61,
The Legend of Zelda: Ocarina of Time,"Nintendo EAD, Nintendo",1998,61000,13000,5500,1900,35000,4.4,3600,74000,17.57,62,
Overwatch,"Blizzard Entertainment, Square Enix",2016,72000,1400,410,821,39000,3.3,3800,73400,1.91,63,
The Last of Us Part II,"Naughty Dog, Sony Interactive Entertainment",2020,60000,13000,11000,1700,43000,4.2,5700,73000,17.81,64,
Assassin's Creed II,"Ubisoft Montreal, Ubisoft Entertainment",2009,65000,7800,2600,742,37000,4,2600,72800,10.71,65,
Minecraft,Mojang Studios,2016,70000,2800,499,3500,37000,4.3,4500,72800,3.85,66,
Fall Guys,"Mediatonic, Devolver Digital",2020,70000,2400,433,1200,37000,3,3400,72400,3.31,67,
Dishonored,"Arkane Studios, Bethesda Softworks",2012,57000,15000,3800,936,33000,4,2500,72000,20.83,68,
Life is Strange,"DON'T NOD, Feral Interactive",2015,62000,9700,4300,1000,38000,3.8,4400,71700,13.53,69,
Mario Kart Wii,"Nintendo EAD, Nintendo",2008,69000,2100,613,349,37000,4,3100,71100,2.95,70,
God of War Ragnarök,"SIE Santa Monica Studio, Sony Interactive Entertainment",2022,53000,18000,15000,2900,37000,4.3,5300,71000,25.35,71,
Horizon Zero Dawn,"Guerrilla Games, Sony Interactive Entertainment",2017,56000,15000,5300,1700,33000,3.5,2600,71000,21.13,72,
It Takes Two,"Hazelight Studios, Electronic Arts",2021,58000,13000,6900,4400,37000,4.2,4800,71000,18.31,73,
Metal Gear Rising: Revengeance,"PlatinumGames, Konami",2013,53000,18000,7700,1300,34000,4.1,4900,71000,25.35,74,
Uncharted 4: A Thief's End,"Naughty Dog, Sony Interactive Entertainment",2016,60000,11000,5300,655,39000,4.2,3100,71000,15.49,75,
Control,"Remedy Entertainment, 505 Games",2019,47000,23000,5200,2000,27000,3.7,3000,70000,32.86,76,
Metal Gear Solid V: The Phantom Pain,"Kojima Productions, Konami",2015,51000,19000,5800,2000,31000,3.9,3400,70000,27.14,77,
Outer Wilds,"Mobius Digital, Annapurna Interactive",2019,44000,26000,15000,3000,29000,4.6,5500,70000,37.14,78,Outer Wilds
Wii Sports,"Nintendo EAD Software Development Group No.2, Nintendo",2006,68000,1400,389,166,34000,3.8,2700,69400,2.02,79,
Balatro,"LocalThunk, Playstack",2024,61000,8200,6600,10000,44000,4.3,9200,69200,11.85,80,
Death Stranding,"Kojima Productions, 505 Games",2019,45000,24000,8500,4000,27000,4,3500,69000,34.78,81,
Devil May Cry 5,"Capcom Development Division 1, Capcom",2019,50000,19000,7900,1800,33000,4.2,3900,69000,27.54,82,
Ghost of Tsushima,"Sucker Punch Productions, Sony Interactive Entertainment",2020,52000,17000,12000,3200,33000,4.1,3500,69000,24.64,83,
Half-Life,"Valve, Sierra Entertainment",1998,52000,16000,3700,1400,31000,4,3600,68000,23.53,84,
Hotline Miami,"Dennaton Games, Devolver Digital",2012,56000,11000,3800,1000,35000,4,3800,67000,16.42,85,
Red Dead Redemption,"Rockstar San Diego, Rockstar Games",2010,53000,14000,9400,1600,32000,4.2,2600,67000,20.9,86,
Plants vs. Zombies,"PopCap Games, Electronic Arts",2009,63000,2400,502,481,34000,3.9,3100,65400,3.67,87,
Resident Evil Village,Capcom,2021,50000,15000,9000,1300,34000,3.9,4200,65000,23.08,88,
Super Mario World,"Nintendo EAD, Nintendo",1990,58000,6500,1700,683,33000,4.3,3300,64500,10.08,89,
Disco Elysium: The Final Cut,ZA/UM,2021,37000,27000,8800,4900,24000,4.6,4000,64000,42.19,90,Disco Elysium: The Final Cut
Limbo,"Playdead, Microsoft Game Studios",2010,53000,11000,3300,618,29000,3.5,2100,64000,17.19,91,
Resident Evil 3,"K2, Capcom",2020,50000,14000,5900,765,35000,3.2,4900,64000,21.88,92,
Call of Duty: Modern Warfare 2,"Infinity Ward, Activision",2009,60000,3400,1400,210,33000,4,2100,63400,5.36,93,
Super Smash Bros. Brawl,"Sora, Nintendo",2008,61000,2200,885,208,33000,3.9,2800,63200,3.48,94,
Final Fantasy VII Remake,"Square Enix Creative Business Unit I, Square Enix",2020,47000,15000,7400,2700,31000,4.1,3500,62000,24.19,95,
Titanfall 2,"Respawn Entertainment, Electronic Arts",2016,52000,10000,2700,763,33000,4.1,3900,62000,16.13,96,
Call of Duty: Black Ops II,"Treyarch, Square Enix",2012,58000,3800,1600,324,33000,4,2700,61800,6.15,97,
New Super Mario Bros.,"Nintendo, iQue",2006,58000,3800,1200,469,31000,3.7,2400,61800,6.15,98,
Pokémon Emerald Version,"Game Freak, Nintendo",2004,57000,4500,1500,940,34000,4.1,2900,61500,7.32,99,
Call of Duty: Black Ops,"Treyarch, Square Enix",2010,58000,3400,1600,281,33000,3.9,2300,61400,5.54,100,
