Year,Genre,Genre_rank,Genre_count,Genre_coded_games,Total_main_games,Prevalence_pct
1980,Indie,1,1,186,198,0.54
1980,Adventure,2,28,186,198,15.05
1980,Simulator,3,18,186,198,9.68
1980,Strategy,4,19,186,198,10.22
1980,Role-playing (RPG),5,14,186,198,7.53
1980,Puzzle,6,13,186,198,6.99
1980,Arcade,7,90,186,198,48.39
1980,Shooter,8,68,186,198,36.56
1980,Platformer,9,4,186,198,2.15
1980,Sport,10,20,186,198,10.75
1980,Visual Novel,11,0,186,198,0.0
1980,Racing,12,8,186,198,4.3
1981,Indie,1,2,303,328,0.66
1981,Adventure,2,47,303,328,15.51
1981,Simulator,3,23,303,328,7.59
1981,Strategy,4,36,303,328,11.88
1981,Role-playing (RPG),5,11,303,328,3.63
1981,Puzzle,6,20,303,328,6.6
1981,Arcade,7,174,303,328,57.43
1981,Shooter,8,115,303,328,37.95
1981,Platformer,9,7,303,328,2.31
1981,Sport,10,16,303,328,5.28
1981,Visual Novel,11,0,303,328,0.0
1981,Racing,12,14,303,328,4.62
1982,Indie,1,2,703,746,0.28
1982,Adventure,2,86,703,746,12.23
1982,Simulator,3,45,703,746,6.4
1982,Strategy,4,52,703,746,7.4
1982,Role-playing (RPG),5,23,703,746,3.27
1982,Puzzle,6,60,703,746,8.53
1982,Arcade,7,429,703,746,61.02
1982,Shooter,8,242,703,746,34.42
1982,Platformer,9,43,703,746,6.12
1982,Sport,10,32,703,746,4.55
1982,Visual Novel,11,0,703,746,0.0
1982,Racing,12,18,703,746,2.56
1983,Indie,1,1,937,1040,0.11
1983,Adventure,2,120,937,1040,12.81
1983,Simulator,3,47,937,1040,5.02
1983,Strategy,4,57,937,1040,6.08
1983,Role-playing (RPG),5,30,937,1040,3.2
1983,Puzzle,6,89,937,1040,9.5
1983,Arcade,7,507,937,1040,54.11
1983,Shooter,8,276,937,1040,29.46
1983,Platformer,9,115,937,1040,12.27
1983,Sport,10,44,937,1040,4.7
1983,Visual Novel,11,2,937,1040,0.21
1983,Racing,12,40,937,1040,4.27
1984,Indie,1,2,760,823,0.26
1984,Adventure,2,141,760,823,18.55
1984,Simulator,3,64,760,823,8.42
1984,Strategy,4,59,760,823,7.76
1984,Role-playing (RPG),5,30,760,823,3.95
1984,Puzzle,6,76,760,823,10.0
1984,Arcade,7,343,760,823,45.13
1984,Shooter,8,166,760,823,21.84
1984,Platformer,9,143,760,823,18.82
1984,Sport,10,56,760,823,7.37
1984,Visual Novel,11,3,760,823,0.39
1984,Racing,12,40,760,823,5.26
1985,Indie,1,1,593,643,0.17
1985,Adventure,2,146,593,643,24.62
1985,Simulator,3,59,593,643,9.95
1985,Strategy,4,57,593,643,9.61
1985,Role-playing (RPG),5,31,593,643,5.23
1985,Puzzle,6,110,593,643,18.55
1985,Arcade,7,171,593,643,28.84
1985,Shooter,8,116,593,643,19.56
1985,Platformer,9,100,593,643,16.86
1985,Sport,10,66,593,643,11.13
1985,Visual Novel,11,2,593,643,0.34
1985,Racing,12,33,593,643,5.56
1986,Indie,1,3,600,661,0.5
1986,Adventure,2,176,600,661,29.33
1986,Simulator,3,49,600,661,8.17
1986,Strategy,4,46,600,661,7.67
1986,Role-playing (RPG),5,35,600,661,5.83
1986,Puzzle,6,80,600,661,13.33
1986,Arcade,7,151,600,661,25.17
1986,Shooter,8,153,600,661,25.5
1986,Platformer,9,112,600,661,18.67
1986,Sport,10,62,600,661,10.33
1986,Visual Novel,11,9,600,661,1.5
1986,Racing,12,36,600,661,6.0
1987,Indie,1,4,791,848,0.51
1987,Adventure,2,204,791,848,25.79
1987,Simulator,3,64,791,848,8.09
1987,Strategy,4,64,791,848,8.09
1987,Role-playing (RPG),5,83,791,848,10.49
1987,Puzzle,6,84,791,848,10.62
1987,Arcade,7,231,791,848,29.2
1987,Shooter,8,214,791,848,27.05
1987,Platformer,9,132,791,848,16.69
1987,Sport,10,84,791,848,10.62
1987,Visual Novel,11,14,791,848,1.77
1987,Racing,12,40,791,848,5.06
1988,Indie,1,1,729,782,0.14
1988,Adventure,2,159,729,782,21.81
1988,Simulator,3,59,729,782,8.09
1988,Strategy,4,61,729,782,8.37
1988,Role-playing (RPG),5,55,729,782,7.54
1988,Puzzle,6,47,729,782,6.45
1988,Arcade,7,189,729,782,25.93
1988,Shooter,8,195,729,782,26.75
1988,Platformer,9,108,729,782,14.81
1988,Sport,10,111,729,782,15.23
1988,Visual Novel,11,17,729,782,2.33
1988,Racing,12,56,729,782,7.68
1989,Indie,1,3,847,905,0.35
1989,Adventure,2,178,847,905,21.02
1989,Simulator,3,75,847,905,8.85
1989,Strategy,4,96,847,905,11.33
1989,Role-playing (RPG),5,86,847,905,10.15
1989,Puzzle,6,89,847,905,10.51
1989,Arcade,7,153,847,905,18.06
1989,Shooter,8,153,847,905,18.06
1989,Platformer,9,109,847,905,12.87
1989,Sport,10,131,847,905,15.47
1989,Visual Novel,11,17,847,905,2.01
1989,Racing,12,59,847,905,6.97
1990,Indie,1,2,958,1055,0.21
1990,Adventure,2,195,958,1055,20.35
1990,Simulator,3,77,958,1055,8.04
1990,Strategy,4,130,958,1055,13.57
1990,Role-playing (RPG),5,111,958,1055,11.59
1990,Puzzle,6,160,958,1055,16.7
1990,Arcade,7,130,958,1055,13.57
1990,Shooter,8,174,958,1055,18.16
1990,Platformer,9,151,958,1055,15.76
1990,Sport,10,129,958,1055,13.47
1990,Visual Novel,11,17,958,1055,1.77
1990,Racing,12,51,958,1055,5.32
1991,Indie,1,4,1096,1201,0.36
1991,Adventure,2,204,1096,1201,18.61
1991,Simulator,3,87,1096,1201,7.94
1991,Strategy,4,134,1096,1201,12.23
1991,Role-playing (RPG),5,124,1096,1201,11.31
1991,Puzzle,6,145,1096,1201,13.23
1991,Arcade,7,133,1096,1201,12.14
1991,Shooter,8,193,1096,1201,17.61
1991,Platformer,9,195,1096,1201,17.79
1991,Sport,10,139,1096,1201,12.68
1991,Visual Novel,11,12,1096,1201,1.09
1991,Racing,12,64,1096,1201,5.84
1992,Indie,1,5,1116,1214,0.45
1992,Adventure,2,228,1116,1214,20.43
1992,Simulator,3,98,1116,1214,8.78
1992,Strategy,4,135,1116,1214,12.1
1992,Role-playing (RPG),5,148,1116,1214,13.26
1992,Puzzle,6,151,1116,1214,13.53
1992,Arcade,7,126,1116,1214,11.29
1992,Shooter,8,176,1116,1214,15.77
1992,Platformer,9,187,1116,1214,16.76
1992,Sport,10,172,1116,1214,15.41
1992,Visual Novel,11,21,1116,1214,1.88
1992,Racing,12,50,1116,1214,4.48
1993,Indie,1,2,1204,1293,0.17
1993,Adventure,2,246,1204,1293,20.43
1993,Simulator,3,112,1204,1293,9.3
1993,Strategy,4,127,1204,1293,10.55
1993,Role-playing (RPG),5,137,1204,1293,11.38
1993,Puzzle,6,148,1204,1293,12.29
1993,Arcade,7,100,1204,1293,8.31
1993,Shooter,8,160,1204,1293,13.29
1993,Platformer,9,195,1204,1293,16.2
1993,Sport,10,181,1204,1293,15.03
1993,Visual Novel,11,32,1204,1293,2.66
1993,Racing,12,67,1204,1293,5.56
1994,Indie,1,9,1374,1476,0.66
1994,Adventure,2,267,1374,1476,19.43
1994,Simulator,3,129,1374,1476,9.39
1994,Strategy,4,140,1374,1476,10.19
1994,Role-playing (RPG),5,144,1374,1476,10.48
1994,Puzzle,6,161,1374,1476,11.72
1994,Arcade,7,112,1374,1476,8.15
1994,Shooter,8,170,1374,1476,12.37
1994,Platformer,9,200,1374,1476,14.56
1994,Sport,10,259,1374,1476,18.85
1994,Visual Novel,11,36,1374,1476,2.62
1994,Racing,12,80,1374,1476,5.82
1995,Indie,1,8,1425,1555,0.56
1995,Adventure,2,291,1425,1555,20.42
1995,Simulator,3,153,1425,1555,10.74
1995,Strategy,4,137,1425,1555,9.61
1995,Role-playing (RPG),5,154,1425,1555,10.81
1995,Puzzle,6,201,1425,1555,14.11
1995,Arcade,7,112,1425,1555,7.86
1995,Shooter,8,182,1425,1555,12.77
1995,Platformer,9,120,1425,1555,8.42
1995,Sport,10,243,1425,1555,17.05
1995,Visual Novel,11,42,1425,1555,2.95
1995,Racing,12,87,1425,1555,6.11
1996,Indie,1,9,1308,1401,0.69
1996,Adventure,2,288,1308,1401,22.02
1996,Simulator,3,144,1308,1401,11.01
1996,Strategy,4,139,1308,1401,10.63
1996,Role-playing (RPG),5,137,1308,1401,10.47
1996,Puzzle,6,187,1308,1401,14.3
1996,Arcade,7,133,1308,1401,10.17
1996,Shooter,8,176,1308,1401,13.46
1996,Platformer,9,110,1308,1401,8.41
1996,Sport,10,188,1308,1401,14.37
1996,Visual Novel,11,51,1308,1401,3.9
1996,Racing,12,84,1308,1401,6.42
1997,Indie,1,9,1227,1348,0.73
1997,Adventure,2,271,1227,1348,22.09
1997,Simulator,3,176,1227,1348,14.34
1997,Strategy,4,141,1227,1348,11.49
1997,Role-playing (RPG),5,111,1227,1348,9.05
1997,Puzzle,6,177,1227,1348,14.43
1997,Arcade,7,96,1227,1348,7.82
1997,Shooter,8,149,1227,1348,12.14
1997,Platformer,9,95,1227,1348,7.74
1997,Sport,10,166,1227,1348,13.53
1997,Visual Novel,11,44,1227,1348,3.59
1997,Racing,12,101,1227,1348,8.23
1998,Indie,1,16,1253,1378,1.28
1998,Adventure,2,282,1253,1378,22.51
1998,Simulator,3,205,1253,1378,16.36
1998,Strategy,4,165,1253,1378,13.17
1998,Role-playing (RPG),5,123,1253,1378,9.82
1998,Puzzle,6,130,1253,1378,10.38
1998,Arcade,7,110,1253,1378,8.78
1998,Shooter,8,137,1253,1378,10.93
1998,Platformer,9,76,1253,1378,6.07
1998,Sport,10,170,1253,1378,13.57
1998,Visual Novel,11,67,1253,1378,5.35
1998,Racing,12,117,1253,1378,9.34
1999,Indie,1,19,1346,1464,1.41
1999,Adventure,2,284,1346,1464,21.1
1999,Simulator,3,200,1346,1464,14.86
1999,Strategy,4,186,1346,1464,13.82
1999,Role-playing (RPG),5,171,1346,1464,12.7
1999,Puzzle,6,162,1346,1464,12.04
1999,Arcade,7,96,1346,1464,7.13
1999,Shooter,8,149,1346,1464,11.07
1999,Platformer,9,81,1346,1464,6.02
1999,Sport,10,195,1346,1464,14.49
1999,Visual Novel,11,60,1346,1464,4.46
1999,Racing,12,125,1346,1464,9.29
2000,Indie,1,19,1421,1569,1.34
2000,Adventure,2,288,1421,1569,20.27
2000,Simulator,3,219,1421,1569,15.41
2000,Strategy,4,165,1421,1569,11.61
2000,Role-playing (RPG),5,149,1421,1569,10.49
2000,Puzzle,6,179,1421,1569,12.6
2000,Arcade,7,94,1421,1569,6.62
2000,Shooter,8,141,1421,1569,9.92
2000,Platformer,9,106,1421,1569,7.46
2000,Sport,10,209,1421,1569,14.71
2000,Visual Novel,11,52,1421,1569,3.66
2000,Racing,12,144,1421,1569,10.13
2001,Indie,1,23,1448,1619,1.59
2001,Adventure,2,315,1448,1619,21.75
2001,Simulator,3,192,1448,1619,13.26
2001,Strategy,4,179,1448,1619,12.36
2001,Role-playing (RPG),5,176,1448,1619,12.15
2001,Puzzle,6,167,1448,1619,11.53
2001,Arcade,7,112,1448,1619,7.73
2001,Shooter,8,145,1448,1619,10.01
2001,Platformer,9,123,1448,1619,8.49
2001,Sport,10,203,1448,1619,14.02
2001,Visual Novel,11,56,1448,1619,3.87
2001,Racing,12,153,1448,1619,10.57
2002,Indie,1,36,1483,1610,2.43
2002,Adventure,2,318,1483,1610,21.44
2002,Simulator,3,182,1483,1610,12.27
2002,Strategy,4,176,1483,1610,11.87
2002,Role-playing (RPG),5,170,1483,1610,11.46
2002,Puzzle,6,133,1483,1610,8.97
2002,Arcade,7,104,1483,1610,7.01
2002,Shooter,8,166,1483,1610,11.19
2002,Platformer,9,133,1483,1610,8.97
2002,Sport,10,258,1483,1610,17.4
2002,Visual Novel,11,70,1483,1610,4.72
2002,Racing,12,132,1483,1610,8.9
2003,Indie,1,49,1379,1534,3.55
2003,Adventure,2,320,1379,1534,23.21
2003,Simulator,3,178,1379,1534,12.91
2003,Strategy,4,175,1379,1534,12.69
2003,Role-playing (RPG),5,171,1379,1534,12.4
2003,Puzzle,6,133,1379,1534,9.64
2003,Arcade,7,116,1379,1534,8.41
2003,Shooter,8,166,1379,1534,12.04
2003,Platformer,9,118,1379,1534,8.56
2003,Sport,10,176,1379,1534,12.76
2003,Visual Novel,11,66,1379,1534,4.79
2003,Racing,12,132,1379,1534,9.57
2004,Indie,1,52,1357,1523,3.83
2004,Adventure,2,306,1357,1523,22.55
2004,Simulator,3,161,1357,1523,11.86
2004,Strategy,4,165,1357,1523,12.16
2004,Role-playing (RPG),5,161,1357,1523,11.86
2004,Puzzle,6,140,1357,1523,10.32
2004,Arcade,7,157,1357,1523,11.57
2004,Shooter,8,184,1357,1523,13.56
2004,Platformer,9,119,1357,1523,8.77
2004,Sport,10,185,1357,1523,13.63
2004,Visual Novel,11,73,1357,1523,5.38
2004,Racing,12,97,1357,1523,7.15
2005,Indie,1,62,1516,1702,4.09
2005,Adventure,2,350,1516,1702,23.09
2005,Simulator,3,180,1516,1702,11.87
2005,Strategy,4,178,1516,1702,11.74
2005,Role-playing (RPG),5,182,1516,1702,12.01
2005,Puzzle,6,165,1516,1702,10.88
2005,Arcade,7,149,1516,1702,9.83
2005,Shooter,8,213,1516,1702,14.05
2005,Platformer,9,134,1516,1702,8.84
2005,Sport,10,151,1516,1702,9.96
2005,Visual Novel,11,99,1516,1702,6.53
2005,Racing,12,127,1516,1702,8.38
2006,Indie,1,90,1619,1864,5.56
2006,Adventure,2,359,1619,1864,22.17
2006,Simulator,3,213,1619,1864,13.16
2006,Strategy,4,164,1619,1864,10.13
2006,Role-playing (RPG),5,182,1619,1864,11.24
2006,Puzzle,6,250,1619,1864,15.44
2006,Arcade,7,157,1619,1864,9.7
2006,Shooter,8,211,1619,1864,13.03
2006,Platformer,9,145,1619,1864,8.96
2006,Sport,10,175,1619,1864,10.81
2006,Visual Novel,11,94,1619,1864,5.81
2006,Racing,12,131,1619,1864,8.09
2007,Indie,1,125,1742,2002,7.18
2007,Adventure,2,378,1742,2002,21.7
2007,Simulator,3,238,1742,2002,13.66
2007,Strategy,4,210,1742,2002,12.06
2007,Role-playing (RPG),5,189,1742,2002,10.85
2007,Puzzle,6,315,1742,2002,18.08
2007,Arcade,7,183,1742,2002,10.51
2007,Shooter,8,195,1742,2002,11.19
2007,Platformer,9,161,1742,2002,9.24
2007,Sport,10,155,1742,2002,8.9
2007,Visual Novel,11,105,1742,2002,6.03
2007,Racing,12,104,1742,2002,5.97
2008,Indie,1,149,1961,2222,7.6
2008,Adventure,2,412,1961,2222,21.01
2008,Simulator,3,278,1961,2222,14.18
2008,Strategy,4,222,1961,2222,11.32
2008,Role-playing (RPG),5,198,1961,2222,10.1
2008,Puzzle,6,363,1961,2222,18.51
2008,Arcade,7,165,1961,2222,8.41
2008,Shooter,8,206,1961,2222,10.5
2008,Platformer,9,174,1961,2222,8.87
2008,Sport,10,156,1961,2222,7.96
2008,Visual Novel,11,135,1961,2222,6.88
2008,Racing,12,102,1961,2222,5.2
2009,Indie,1,208,2223,2623,9.36
2009,Adventure,2,504,2223,2623,22.67
2009,Simulator,3,347,2223,2623,15.61
2009,Strategy,4,258,2223,2623,11.61
2009,Role-playing (RPG),5,234,2223,2623,10.53
2009,Puzzle,6,428,2223,2623,19.25
2009,Arcade,7,212,2223,2623,9.54
2009,Shooter,8,248,2223,2623,11.16
2009,Platformer,9,213,2223,2623,9.58
2009,Sport,10,191,2223,2623,8.59
2009,Visual Novel,11,121,2223,2623,5.44
2009,Racing,12,116,2223,2623,5.22
2010,Indie,1,282,2316,2750,12.18
2010,Adventure,2,576,2316,2750,24.87
2010,Simulator,3,344,2316,2750,14.85
2010,Strategy,4,257,2316,2750,11.1
2010,Role-playing (RPG),5,248,2316,2750,10.71
2010,Puzzle,6,463,2316,2750,19.99
2010,Arcade,7,220,2316,2750,9.5
2010,Shooter,8,233,2316,2750,10.06
2010,Platformer,9,245,2316,2750,10.58
2010,Sport,10,221,2316,2750,9.54
2010,Visual Novel,11,140,2316,2750,6.04
2010,Racing,12,128,2316,2750,5.53
2011,Indie,1,325,2230,2645,14.57
2011,Adventure,2,545,2230,2645,24.44
2011,Simulator,3,291,2230,2645,13.05
2011,Strategy,4,293,2230,2645,13.14
2011,Role-playing (RPG),5,243,2230,2645,10.9
2011,Puzzle,6,461,2230,2645,20.67
2011,Arcade,7,267,2230,2645,11.97
2011,Shooter,8,242,2230,2645,10.85
2011,Platformer,9,254,2230,2645,11.39
2011,Sport,10,166,2230,2645,7.44
2011,Visual Novel,11,156,2230,2645,7.0
2011,Racing,12,129,2230,2645,5.78
2012,Indie,1,449,2434,2768,18.45
2012,Adventure,2,672,2434,2768,27.61
2012,Simulator,3,313,2434,2768,12.86
2012,Strategy,4,378,2434,2768,15.53
2012,Role-playing (RPG),5,315,2434,2768,12.94
2012,Puzzle,6,504,2434,2768,20.71
2012,Arcade,7,303,2434,2768,12.45
2012,Shooter,8,245,2434,2768,10.07
2012,Platformer,9,251,2434,2768,10.31
2012,Sport,10,162,2434,2768,6.66
2012,Visual Novel,11,182,2434,2768,7.48
2012,Racing,12,137,2434,2768,5.63
2013,Indie,1,597,2601,2914,22.95
2013,Adventure,2,777,2601,2914,29.87
2013,Simulator,3,408,2601,2914,15.69
2013,Strategy,4,414,2601,2914,15.92
2013,Role-playing (RPG),5,362,2601,2914,13.92
2013,Puzzle,6,511,2601,2914,19.65
2013,Arcade,7,314,2601,2914,12.07
2013,Shooter,8,284,2601,2914,10.92
2013,Platformer,9,284,2601,2914,10.92
2013,Sport,10,172,2601,2914,6.61
2013,Visual Novel,11,189,2601,2914,7.27
2013,Racing,12,147,2601,2914,5.65
2014,Indie,1,1239,3488,3845,35.52
2014,Adventure,2,1109,3488,3845,31.79
2014,Simulator,3,560,3488,3845,16.06
2014,Strategy,4,627,3488,3845,17.98
2014,Role-playing (RPG),5,558,3488,3845,16.0
2014,Puzzle,6,657,3488,3845,18.84
2014,Arcade,7,441,3488,3845,12.64
2014,Shooter,8,294,3488,3845,8.43
2014,Platformer,9,374,3488,3845,10.72
2014,Sport,10,178,3488,3845,5.1
2014,Visual Novel,11,221,3488,3845,6.34
2014,Racing,12,175,3488,3845,5.02
2015,Indie,1,2282,4674,5010,48.82
2015,Adventure,2,1682,4674,5010,35.99
2015,Simulator,3,799,4674,5010,17.09
2015,Strategy,4,913,4674,5010,19.53
2015,Role-playing (RPG),5,871,4674,5010,18.64
2015,Puzzle,6,729,4674,5010,15.6
2015,Arcade,7,534,4674,5010,11.42
2015,Shooter,8,341,4674,5010,7.3
2015,Platformer,9,383,4674,5010,8.19
2015,Sport,10,235,4674,5010,5.03
2015,Visual Novel,11,303,4674,5010,6.48
2015,Racing,12,198,4674,5010,4.24
2016,Indie,1,3828,6633,7093,57.71
2016,Adventure,2,2405,6633,7093,36.26
2016,Simulator,3,1286,6633,7093,19.39
2016,Strategy,4,1220,6633,7093,18.39
2016,Role-playing (RPG),5,1064,6633,7093,16.04
2016,Puzzle,6,877,6633,7093,13.22
2016,Arcade,7,720,6633,7093,10.85
2016,Shooter,8,514,6633,7093,7.75
2016,Platformer,9,485,6633,7093,7.31
2016,Sport,10,411,6633,7093,6.2
2016,Visual Novel,11,314,6633,7093,4.73
2016,Racing,12,275,6633,7093,4.15
2017,Indie,1,5872,9109,9613,64.46
2017,Adventure,2,3410,9109,9613,37.44
2017,Simulator,3,1809,9109,9613,19.86
2017,Strategy,4,1592,9109,9613,17.48
2017,Role-playing (RPG),5,1427,9109,9613,15.67
2017,Puzzle,6,1018,9109,9613,11.18
2017,Arcade,7,823,9109,9613,9.04
2017,Shooter,8,605,9109,9613,6.64
2017,Platformer,9,537,9109,9613,5.9
2017,Sport,10,541,9109,9613,5.94
2017,Visual Novel,11,370,9109,9613,4.06
2017,Racing,12,362,9109,9613,3.97
2018,Indie,1,6721,9924,10409,67.72
2018,Adventure,2,3644,9924,10409,36.72
2018,Simulator,3,1987,9924,10409,20.02
2018,Strategy,4,1689,9924,10409,17.02
2018,Role-playing (RPG),5,1604,9924,10409,16.16
2018,Puzzle,6,1060,9924,10409,10.68
2018,Arcade,7,892,9924,10409,8.99
2018,Shooter,8,549,9924,10409,5.53
2018,Platformer,9,584,9924,10409,5.88
2018,Sport,10,580,9924,10409,5.84
2018,Visual Novel,11,430,9924,10409,4.33
2018,Racing,12,416,9924,10409,4.19
2019,Indie,1,5796,8866,9296,65.37
2019,Adventure,2,3485,8866,9296,39.31
2019,Simulator,3,1684,8866,9296,18.99
2019,Strategy,4,1517,8866,9296,17.11
2019,Role-playing (RPG),5,1700,8866,9296,19.17
2019,Puzzle,6,1073,8866,9296,12.1
2019,Arcade,7,815,8866,9296,9.19
2019,Shooter,8,541,8866,9296,6.1
2019,Platformer,9,568,8866,9296,6.41
2019,Sport,10,493,8866,9296,5.56
2019,Visual Novel,11,534,8866,9296,6.02
2019,Racing,12,365,8866,9296,4.12
2020,Indie,1,6460,9915,10431,65.15
2020,Adventure,2,4027,9915,10431,40.62
2020,Simulator,3,1895,9915,10431,19.11
2020,Strategy,4,1693,9915,10431,17.08
2020,Role-playing (RPG),5,1383,9915,10431,13.95
2020,Puzzle,6,1351,9915,10431,13.63
2020,Arcade,7,1048,9915,10431,10.57
2020,Shooter,8,707,9915,10431,7.13
2020,Platformer,9,819,9915,10431,8.26
2020,Sport,10,492,9915,10431,4.96
2020,Visual Novel,11,739,9915,10431,7.45
2020,Racing,12,391,9915,10431,3.94
2021,Indie,1,7525,11848,12525,63.51
2021,Adventure,2,4879,11848,12525,41.18
2021,Simulator,3,2247,11848,12525,18.97
2021,Strategy,4,2044,11848,12525,17.25
2021,Role-playing (RPG),5,1334,11848,12525,11.26
2021,Puzzle,6,1625,11848,12525,13.72
2021,Arcade,7,1277,11848,12525,10.78
2021,Shooter,8,849,11848,12525,7.17
2021,Platformer,9,1052,11848,12525,8.88
2021,Sport,10,537,11848,12525,4.53
2021,Visual Novel,11,847,11848,12525,7.15
2021,Racing,12,482,11848,12525,4.07
2022,Indie,1,6727,11254,11938,59.77
2022,Adventure,2,4490,11254,11938,39.9
2022,Simulator,3,2088,11254,11938,18.55
2022,Strategy,4,1787,11254,11938,15.88
2022,Role-playing (RPG),5,1375,11254,11938,12.22
2022,Puzzle,6,1556,11254,11938,13.83
2022,Arcade,7,1229,11254,11938,10.92
2022,Shooter,8,773,11254,11938,6.87
2022,Platformer,9,883,11254,11938,7.85
2022,Sport,10,516,11254,11938,4.59
2022,Visual Novel,11,841,11254,11938,7.47
2022,Racing,12,451,11254,11938,4.01
2023,Indie,1,8807,14167,15125,62.17
2023,Adventure,2,5850,14167,15125,41.29
2023,Simulator,3,2881,14167,15125,20.34
2023,Strategy,4,2532,14167,15125,17.87
2023,Role-playing (RPG),5,2433,14167,15125,17.17
2023,Puzzle,6,1624,14167,15125,11.46
2023,Arcade,7,1295,14167,15125,9.14
2023,Shooter,8,836,14167,15125,5.9
2023,Platformer,9,952,14167,15125,6.72
2023,Sport,10,701,14167,15125,4.95
2023,Visual Novel,11,932,14167,15125,6.58
2023,Racing,12,657,14167,15125,4.64
2024,Indie,1,11168,17089,18108,65.35
2024,Adventure,2,6957,17089,18108,40.71
2024,Simulator,3,3887,17089,18108,22.75
2024,Strategy,4,3244,17089,18108,18.98
2024,Role-playing (RPG),5,3167,17089,18108,18.53
2024,Puzzle,6,1767,17089,18108,10.34
2024,Arcade,7,1353,17089,18108,7.92
2024,Shooter,8,913,17089,18108,5.34
2024,Platformer,9,996,17089,18108,5.83
2024,Sport,10,758,17089,18108,4.44
2024,Visual Novel,11,823,17089,18108,4.82
2024,Racing,12,722,17089,18108,4.22
2025,Indie,1,7563,10974,11479,68.92
2025,Adventure,2,4739,10974,11479,43.18
2025,Simulator,3,2633,10974,11479,23.99
2025,Strategy,4,2294,10974,11479,20.9
2025,Role-playing (RPG),5,2102,10974,11479,19.15
2025,Puzzle,6,1053,10974,11479,9.6
2025,Arcade,7,749,10974,11479,6.83
2025,Shooter,8,593,10974,11479,5.4
2025,Platformer,9,656,10974,11479,5.98
2025,Sport,10,377,10974,11479,3.44
2025,Visual Novel,11,470,10974,11479,4.28
2025,Racing,12,389,10974,11479,3.54
