record_type,link_id,genre,rating,count,within_genre_pct,within_rating_pct,x,y,point_order,thickness_px,node_side,node_label,node_display,node_total,x0,x1,y0,y1,label_x,label_y
link_point,Sports to E,Sports,E,575,77.49326145552561,35.58168316831683,0.18,287.5,0,67.29868913857678,,,,,,,,,,
link_point,Sports to E,Sports,E,575,77.49326145552561,35.58168316831683,0.30799999999999994,290.828,1,67.29868913857678,,,,,,,,,,
link_point,Sports to E,Sports,E,575,77.49326145552561,35.58168316831683,0.43599999999999994,298.764,2,67.29868913857678,,,,,,,,,,
link_point,Sports to E,Sports,E,575,77.49326145552561,35.58168316831683,0.564,308.236,3,67.29868913857678,,,,,,,,,,
link_point,Sports to E,Sports,E,575,77.49326145552561,35.58168316831683,0.692,316.172,4,67.29868913857678,,,,,,,,,,
link_point,Sports to E,Sports,E,575,77.49326145552561,35.58168316831683,0.8199999999999998,319.5,5,67.29868913857678,,,,,,,,,,
link_point,Sports to E10+,Sports,E10+,53,7.142857142857142,11.064718162839249,0.18,601.5,0,6.203183520599251,,,,,,,,,,
link_point,Sports to E10+,Sports,E10+,53,7.142857142857142,11.064718162839249,0.30799999999999994,716.4200000000001,1,6.203183520599251,,,,,,,,,,
link_point,Sports to E10+,Sports,E10+,53,7.142857142857142,11.064718162839249,0.43599999999999994,990.46,2,6.203183520599251,,,,,,,,,,
link_point,Sports to E10+,Sports,E10+,53,7.142857142857142,11.064718162839249,0.564,1317.54,3,6.203183520599251,,,,,,,,,,
link_point,Sports to E10+,Sports,E10+,53,7.142857142857142,11.064718162839249,0.692,1591.5800000000002,4,6.203183520599251,,,,,,,,,,
link_point,Sports to E10+,Sports,E10+,53,7.142857142857142,11.064718162839249,0.8199999999999998,1706.5,5,6.203183520599251,,,,,,,,,,
link_point,Sports to T,Sports,T,104,14.016172506738545,8.176100628930817,0.18,680,0,12.172284644194757,,,,,,,,,,
link_point,Sports to T,Sports,T,104,14.016172506738545,8.176100628930817,0.30799999999999994,842.552,1,12.172284644194757,,,,,,,,,,
link_point,Sports to T,Sports,T,104,14.016172506738545,8.176100628930817,0.43599999999999994,1230.1760000000002,2,12.172284644194757,,,,,,,,,,
link_point,Sports to T,Sports,T,104,14.016172506738545,8.176100628930817,0.564,1692.8239999999998,3,12.172284644194757,,,,,,,,,,
link_point,Sports to T,Sports,T,104,14.016172506738545,8.176100628930817,0.692,2080.4480000000003,4,12.172284644194757,,,,,,,,,,
link_point,Sports to T,Sports,T,104,14.016172506738545,8.176100628930817,0.8199999999999998,2243,5,12.172284644194757,,,,,,,,,,
link_point,Sports to M,Sports,M,10,1.3477088948787064,1.342281879194631,0.18,737,0,1.1704119850187267,,,,,,,,,,
link_point,Sports to M,Sports,M,10,1.3477088948787064,1.342281879194631,0.30799999999999994,1024.352,1,1.1704119850187267,,,,,,,,,,
link_point,Sports to M,Sports,M,10,1.3477088948787064,1.342281879194631,0.43599999999999994,1709.5760000000002,2,1.1704119850187267,,,,,,,,,,
link_point,Sports to M,Sports,M,10,1.3477088948787064,1.342281879194631,0.564,2527.424,3,1.1704119850187267,,,,,,,,,,
link_point,Sports to M,Sports,M,10,1.3477088948787064,1.342281879194631,0.692,3212.648,4,1.1704119850187267,,,,,,,,,,
link_point,Sports to M,Sports,M,10,1.3477088948787064,1.342281879194631,0.8199999999999998,3500,5,1.1704119850187267,,,,,,,,,,
link_point,Racing to E,Racing,E,358,70.19607843137254,22.153465346534652,0.18,953,0,41.90074906367041,,,,,,,,,,
link_point,Racing to E,Racing,E,358,70.19607843137254,22.153465346534652,0.30799999999999994,935.632,1,41.90074906367041,,,,,,,,,,
link_point,Racing to E,Racing,E,358,70.19607843137254,22.153465346534652,0.43599999999999994,894.216,2,41.90074906367041,,,,,,,,,,
link_point,Racing to E,Racing,E,358,70.19607843137254,22.153465346534652,0.564,844.784,3,41.90074906367041,,,,,,,,,,
link_point,Racing to E,Racing,E,358,70.19607843137254,22.153465346534652,0.692,803.3679999999999,4,41.90074906367041,,,,,,,,,,
link_point,Racing to E,Racing,E,358,70.19607843137254,22.153465346534652,0.8199999999999998,786,5,41.90074906367041,,,,,,,,,,
link_point,Racing to E10+,Racing,E10+,47,9.215686274509805,9.812108559498958,0.18,1155.5,0,5.500936329588015,,,,,,,,,,
link_point,Racing to E10+,Racing,E10+,47,9.215686274509805,9.812108559498958,0.30799999999999994,1218.004,1,5.500936329588015,,,,,,,,,,
link_point,Racing to E10+,Racing,E10+,47,9.215686274509805,9.812108559498958,0.43599999999999994,1367.0520000000001,2,5.500936329588015,,,,,,,,,,
link_point,Racing to E10+,Racing,E10+,47,9.215686274509805,9.812108559498958,0.564,1544.9479999999999,3,5.500936329588015,,,,,,,,,,
link_point,Racing to E10+,Racing,E10+,47,9.215686274509805,9.812108559498958,0.692,1693.996,4,5.500936329588015,,,,,,,,,,
link_point,Racing to E10+,Racing,E10+,47,9.215686274509805,9.812108559498958,0.8199999999999998,1756.5,5,5.500936329588015,,,,,,,,,,
link_point,Racing to T,Racing,T,95,18.627450980392158,7.468553459119496,0.18,1226.5,0,11.118913857677903,,,,,,,,,,
link_point,Racing to T,Racing,T,95,18.627450980392158,7.468553459119496,0.30799999999999994,1342.564,1,11.118913857677903,,,,,,,,,,
link_point,Racing to T,Racing,T,95,18.627450980392158,7.468553459119496,0.43599999999999994,1619.332,2,11.118913857677903,,,,,,,,,,
link_point,Racing to T,Racing,T,95,18.627450980392158,7.468553459119496,0.564,1949.668,3,11.118913857677903,,,,,,,,,,
link_point,Racing to T,Racing,T,95,18.627450980392158,7.468553459119496,0.692,2226.436,4,11.118913857677903,,,,,,,,,,
link_point,Racing to T,Racing,T,95,18.627450980392158,7.468553459119496,0.8199999999999998,2342.5,5,11.118913857677903,,,,,,,,,,
link_point,Racing to M,Racing,M,10,1.9607843137254901,1.342281879194631,0.18,1279,0,1.1704119850187267,,,,,,,,,,
link_point,Racing to M,Racing,M,10,1.9607843137254901,1.342281879194631,0.30799999999999994,1511.0240000000001,1,1.1704119850187267,,,,,,,,,,
link_point,Racing to M,Racing,M,10,1.9607843137254901,1.342281879194631,0.43599999999999994,2064.3120000000004,2,1.1704119850187267,,,,,,,,,,
link_point,Racing to M,Racing,M,10,1.9607843137254901,1.342281879194631,0.564,2724.688,3,1.1704119850187267,,,,,,,,,,
link_point,Racing to M,Racing,M,10,1.9607843137254901,1.342281879194631,0.692,3277.9760000000006,4,1.1704119850187267,,,,,,,,,,
link_point,Racing to M,Racing,M,10,1.9607843137254901,1.342281879194631,0.8199999999999998,3510,5,1.1704119850187267,,,,,,,,,,
link_point,Simulation to E,Simulation,E,282,59.7457627118644,17.450495049504948,0.18,1457,0,33.00561797752809,,,,,,,,,,
link_point,Simulation to E,Simulation,E,282,59.7457627118644,17.450495049504948,0.30799999999999994,1420.496,1,33.00561797752809,,,,,,,,,,
link_point,Simulation to E,Simulation,E,282,59.7457627118644,17.450495049504948,0.43599999999999994,1333.4479999999999,2,33.00561797752809,,,,,,,,,,
link_point,Simulation to E,Simulation,E,282,59.7457627118644,17.450495049504948,0.564,1229.5520000000001,3,33.00561797752809,,,,,,,,,,
link_point,Simulation to E,Simulation,E,282,59.7457627118644,17.450495049504948,0.692,1142.504,4,33.00561797752809,,,,,,,,,,
link_point,Simulation to E,Simulation,E,282,59.7457627118644,17.450495049504948,0.8199999999999998,1106,5,33.00561797752809,,,,,,,,,,
link_point,Simulation to E10+,Simulation,E10+,44,9.322033898305085,9.18580375782881,0.18,1620,0,5.149812734082397,,,,,,,,,,
link_point,Simulation to E10+,Simulation,E10+,44,9.322033898305085,9.18580375782881,0.30799999999999994,1638.928,1,5.149812734082397,,,,,,,,,,
link_point,Simulation to E10+,Simulation,E10+,44,9.322033898305085,9.18580375782881,0.43599999999999994,1684.064,2,5.149812734082397,,,,,,,,,,
link_point,Simulation to E10+,Simulation,E10+,44,9.322033898305085,9.18580375782881,0.564,1737.936,3,5.149812734082397,,,,,,,,,,
link_point,Simulation to E10+,Simulation,E10+,44,9.322033898305085,9.18580375782881,0.692,1783.0720000000001,4,5.149812734082397,,,,,,,,,,
link_point,Simulation to E10+,Simulation,E10+,44,9.322033898305085,9.18580375782881,0.8199999999999998,1802,5,5.149812734082397,,,,,,,,,,
link_point,Simulation to T,Simulation,T,143,30.29661016949153,11.242138364779874,0.18,1713.5,0,16.73689138576779,,,,,,,,,,
link_point,Simulation to T,Simulation,T,143,30.29661016949153,11.242138364779874,0.30799999999999994,1791.292,1,16.73689138576779,,,,,,,,,,
link_point,Simulation to T,Simulation,T,143,30.29661016949153,11.242138364779874,0.43599999999999994,1976.796,2,16.73689138576779,,,,,,,,,,
link_point,Simulation to T,Simulation,T,143,30.29661016949153,11.242138364779874,0.564,2198.2039999999997,3,16.73689138576779,,,,,,,,,,
link_point,Simulation to T,Simulation,T,143,30.29661016949153,11.242138364779874,0.692,2383.708,4,16.73689138576779,,,,,,,,,,
link_point,Simulation to T,Simulation,T,143,30.29661016949153,11.242138364779874,0.8199999999999998,2461.5,5,16.73689138576779,,,,,,,,,,
link_point,Simulation to M,Simulation,M,3,0.6355932203389831,0.4026845637583893,0.18,1786.5,0,0.351123595505618,,,,,,,,,,
link_point,Simulation to M,Simulation,M,3,0.6355932203389831,0.4026845637583893,0.30799999999999994,1966.42,1,0.351123595505618,,,,,,,,,,
link_point,Simulation to M,Simulation,M,3,0.6355932203389831,0.4026845637583893,0.43599999999999994,2395.46,2,0.351123595505618,,,,,,,,,,
link_point,Simulation to M,Simulation,M,3,0.6355932203389831,0.4026845637583893,0.564,2907.54,3,0.351123595505618,,,,,,,,,,
link_point,Simulation to M,Simulation,M,3,0.6355932203389831,0.4026845637583893,0.692,3336.58,4,0.351123595505618,,,,,,,,,,
link_point,Simulation to M,Simulation,M,3,0.6355932203389831,0.4026845637583893,0.8199999999999998,3516.5,5,0.351123595505618,,,,,,,,,,
link_point,Action to E,Action,E,276,23.91681109185442,17.07920792079208,0.18,1958,0,32.30337078651685,,,,,,,,,,
link_point,Action to E,Action,E,276,23.91681109185442,17.07920792079208,0.30799999999999994,1898.408,1,32.30337078651685,,,,,,,,,,
link_point,Action to E,Action,E,276,23.91681109185442,17.07920792079208,0.43599999999999994,1756.3039999999999,2,32.30337078651685,,,,,,,,,,
link_point,Action to E,Action,E,276,23.91681109185442,17.07920792079208,0.564,1586.696,3,32.30337078651685,,,,,,,,,,
link_point,Action to E,Action,E,276,23.91681109185442,17.07920792079208,0.692,1444.5919999999999,4,32.30337078651685,,,,,,,,,,
link_point,Action to E,Action,E,276,23.91681109185442,17.07920792079208,0.8199999999999998,1385,5,32.30337078651685,,,,,,,,,,
link_point,Action to E10+,Action,E10+,194,16.81109185441941,40.50104384133611,0.18,2193,0,22.705992509363295,,,,,,,,,,
link_point,Action to E10+,Action,E10+,194,16.81109185441941,40.50104384133611,0.30799999999999994,2164.712,1,22.705992509363295,,,,,,,,,,
link_point,Action to E10+,Action,E10+,194,16.81109185441941,40.50104384133611,0.43599999999999994,2097.256,2,22.705992509363295,,,,,,,,,,
link_point,Action to E10+,Action,E10+,194,16.81109185441941,40.50104384133611,0.564,2016.7440000000001,3,22.705992509363295,,,,,,,,,,
link_point,Action to E10+,Action,E10+,194,16.81109185441941,40.50104384133611,0.692,1949.288,4,22.705992509363295,,,,,,,,,,
link_point,Action to E10+,Action,E10+,194,16.81109185441941,40.50104384133611,0.8199999999999998,1921,5,22.705992509363295,,,,,,,,,,
link_point,Action to T,Action,T,355,30.76256499133449,27.908805031446544,0.18,2467.5,0,41.54962546816479,,,,,,,,,,
link_point,Action to T,Action,T,355,30.76256499133449,27.908805031446544,0.30799999999999994,2492.772,1,41.54962546816479,,,,,,,,,,
link_point,Action to T,Action,T,355,30.76256499133449,27.908805031446544,0.43599999999999994,2553.036,2,41.54962546816479,,,,,,,,,,
link_point,Action to T,Action,T,355,30.76256499133449,27.908805031446544,0.564,2624.964,3,41.54962546816479,,,,,,,,,,
link_point,Action to T,Action,T,355,30.76256499133449,27.908805031446544,0.692,2685.228,4,41.54962546816479,,,,,,,,,,
link_point,Action to T,Action,T,355,30.76256499133449,27.908805031446544,0.8199999999999998,2710.5,5,41.54962546816479,,,,,,,,,,
link_point,Action to M,Action,M,329,28.509532062391678,44.16107382550336,0.18,2809.5,0,38.506554307116104,,,,,,,,,,
link_point,Action to M,Action,M,329,28.509532062391678,44.16107382550336,0.30799999999999994,2900.292,1,38.506554307116104,,,,,,,,,,
link_point,Action to M,Action,M,329,28.509532062391678,44.16107382550336,0.43599999999999994,3116.7960000000003,2,38.506554307116104,,,,,,,,,,
link_point,Action to M,Action,M,329,28.509532062391678,44.16107382550336,0.564,3375.2039999999997,3,38.506554307116104,,,,,,,,,,
link_point,Action to M,Action,M,329,28.509532062391678,44.16107382550336,0.692,3591.708,4,38.506554307116104,,,,,,,,,,
link_point,Action to M,Action,M,329,28.509532062391678,44.16107382550336,0.8199999999999998,3682.5,5,38.506554307116104,,,,,,,,,,
link_point,Role-Playing to E,Role-Playing,E,81,12.755905511811024,5.012376237623763,0.18,3046.5,0,9.480337078651685,,,,,,,,,,
link_point,Role-Playing to E,Role-Playing,E,81,12.755905511811024,5.012376237623763,0.30799999999999994,2892.268,1,9.480337078651685,,,,,,,,,,
link_point,Role-Playing to E,Role-Playing,E,81,12.755905511811024,5.012376237623763,0.43599999999999994,2524.484,2,9.480337078651685,,,,,,,,,,
link_point,Role-Playing to E,Role-Playing,E,81,12.755905511811024,5.012376237623763,0.564,2085.516,3,9.480337078651685,,,,,,,,,,
link_point,Role-Playing to E,Role-Playing,E,81,12.755905511811024,5.012376237623763,0.692,1717.7319999999997,4,9.480337078651685,,,,,,,,,,
link_point,Role-Playing to E,Role-Playing,E,81,12.755905511811024,5.012376237623763,0.8199999999999998,1563.5,5,9.480337078651685,,,,,,,,,,
link_point,Role-Playing to E10+,Role-Playing,E10+,104,16.37795275590551,21.711899791231733,0.18,3139,0,12.172284644194757,,,,,,,,,,
link_point,Role-Playing to E10+,Role-Playing,E10+,104,16.37795275590551,21.711899791231733,0.30799999999999994,3027.824,1,12.172284644194757,,,,,,,,,,
link_point,Role-Playing to E10+,Role-Playing,E10+,104,16.37795275590551,21.711899791231733,0.43599999999999994,2762.712,2,12.172284644194757,,,,,,,,,,
link_point,Role-Playing to E10+,Role-Playing,E10+,104,16.37795275590551,21.711899791231733,0.564,2446.288,3,12.172284644194757,,,,,,,,,,
link_point,Role-Playing to E10+,Role-Playing,E10+,104,16.37795275590551,21.711899791231733,0.692,2181.176,4,12.172284644194757,,,,,,,,,,
link_point,Role-Playing to E10+,Role-Playing,E10+,104,16.37795275590551,21.711899791231733,0.8199999999999998,2070,5,12.172284644194757,,,,,,,,,,
link_point,Role-Playing to T,Role-Playing,T,352,55.43307086614173,27.67295597484277,0.18,3367,0,41.19850187265918,,,,,,,,,,
link_point,Role-Playing to T,Role-Playing,T,352,55.43307086614173,27.67295597484277,0.30799999999999994,3335.488,1,41.19850187265918,,,,,,,,,,
link_point,Role-Playing to T,Role-Playing,T,352,55.43307086614173,27.67295597484277,0.43599999999999994,3260.344,2,41.19850187265918,,,,,,,,,,
link_point,Role-Playing to T,Role-Playing,T,352,55.43307086614173,27.67295597484277,0.564,3170.656,3,41.19850187265918,,,,,,,,,,
link_point,Role-Playing to T,Role-Playing,T,352,55.43307086614173,27.67295597484277,0.692,3095.5119999999997,4,41.19850187265918,,,,,,,,,,
link_point,Role-Playing to T,Role-Playing,T,352,55.43307086614173,27.67295597484277,0.8199999999999998,3064,5,41.19850187265918,,,,,,,,,,
link_point,Role-Playing to M,Role-Playing,M,98,15.433070866141732,13.154362416107382,0.18,3592,0,11.47003745318352,,,,,,,,,,
link_point,Role-Playing to M,Role-Playing,M,98,15.433070866141732,13.154362416107382,0.30799999999999994,3623.616,1,11.47003745318352,,,,,,,,,,
link_point,Role-Playing to M,Role-Playing,M,98,15.433070866141732,13.154362416107382,0.43599999999999994,3699.008,2,11.47003745318352,,,,,,,,,,
link_point,Role-Playing to M,Role-Playing,M,98,15.433070866141732,13.154362416107382,0.564,3788.992,3,11.47003745318352,,,,,,,,,,
link_point,Role-Playing to M,Role-Playing,M,98,15.433070866141732,13.154362416107382,0.692,3864.384,4,11.47003745318352,,,,,,,,,,
link_point,Role-Playing to M,Role-Playing,M,98,15.433070866141732,13.154362416107382,0.8199999999999998,3896,5,11.47003745318352,,,,,,,,,,
link_point,Shooter to E,Shooter,E,44,7.345575959933222,2.722772277227723,0.18,3695,0,5.149812734082397,,,,,,,,,,
link_point,Shooter to E,Shooter,E,44,7.345575959933222,2.722772277227723,0.30799999999999994,3479.824,1,5.149812734082397,,,,,,,,,,
link_point,Shooter to E,Shooter,E,44,7.345575959933222,2.722772277227723,0.43599999999999994,2966.7119999999995,2,5.149812734082397,,,,,,,,,,
link_point,Shooter to E,Shooter,E,44,7.345575959933222,2.722772277227723,0.564,2354.2880000000005,3,5.149812734082397,,,,,,,,,,
link_point,Shooter to E,Shooter,E,44,7.345575959933222,2.722772277227723,0.692,1841.1759999999997,4,5.149812734082397,,,,,,,,,,
link_point,Shooter to E,Shooter,E,44,7.345575959933222,2.722772277227723,0.8199999999999998,1626,5,5.149812734082397,,,,,,,,,,
link_point,Shooter to E10+,Shooter,E10+,37,6.176961602671119,7.724425887265135,0.18,3735.5,0,4.330524344569288,,,,,,,,,,
link_point,Shooter to E10+,Shooter,E10+,37,6.176961602671119,7.724425887265135,0.30799999999999994,3569.62,1,4.330524344569288,,,,,,,,,,
link_point,Shooter to E10+,Shooter,E10+,37,6.176961602671119,7.724425887265135,0.43599999999999994,3174.06,2,4.330524344569288,,,,,,,,,,
link_point,Shooter to E10+,Shooter,E10+,37,6.176961602671119,7.724425887265135,0.564,2701.94,3,4.330524344569288,,,,,,,,,,
link_point,Shooter to E10+,Shooter,E10+,37,6.176961602671119,7.724425887265135,0.692,2306.38,4,4.330524344569288,,,,,,,,,,
link_point,Shooter to E10+,Shooter,E10+,37,6.176961602671119,7.724425887265135,0.8199999999999998,2140.5,5,4.330524344569288,,,,,,,,,,
link_point,Shooter to T,Shooter,T,223,37.228714524207014,17.531446540880502,0.18,3865.5,0,26.100187265917604,,,,,,,,,,
link_point,Shooter to T,Shooter,T,223,37.228714524207014,17.531446540880502,0.30799999999999994,3812.044,1,26.100187265917604,,,,,,,,,,
link_point,Shooter to T,Shooter,T,223,37.228714524207014,17.531446540880502,0.43599999999999994,3684.572,2,26.100187265917604,,,,,,,,,,
link_point,Shooter to T,Shooter,T,223,37.228714524207014,17.531446540880502,0.564,3532.428,3,26.100187265917604,,,,,,,,,,
link_point,Shooter to T,Shooter,T,223,37.228714524207014,17.531446540880502,0.692,3404.956,4,26.100187265917604,,,,,,,,,,
link_point,Shooter to T,Shooter,T,223,37.228714524207014,17.531446540880502,0.8199999999999998,3351.5,5,26.100187265917604,,,,,,,,,,
link_point,Shooter to M,Shooter,M,295,49.248747913188645,39.59731543624161,0.18,4124.5,0,34.52715355805243,,,,,,,,,,
link_point,Shooter to M,Shooter,M,295,49.248747913188645,39.59731543624161,0.30799999999999994,4121.172,1,34.52715355805243,,,,,,,,,,
link_point,Shooter to M,Shooter,M,295,49.248747913188645,39.59731543624161,0.43599999999999994,4113.236,2,34.52715355805243,,,,,,,,,,
link_point,Shooter to M,Shooter,M,295,49.248747913188645,39.59731543624161,0.564,4103.764,3,34.52715355805243,,,,,,,,,,
link_point,Shooter to M,Shooter,M,295,49.248747913188645,39.59731543624161,0.692,4095.828,4,34.52715355805243,,,,,,,,,,
link_point,Shooter to M,Shooter,M,295,49.248747913188645,39.59731543624161,0.8199999999999998,4092.5,5,34.52715355805243,,,,,,,,,,
node,,Sports,,,,,,,,,genre,Sports,Sports (742),742,0.15,0.18,0,742,0.14,371
node,,Racing,,,,,,,,,genre,Racing,Racing (510),510,0.15,0.18,774,1284,0.14,1029
node,,Simulation,,,,,,,,,genre,Simulation,Simulation (472),472,0.15,0.18,1316,1788,0.14,1552
node,,Action,,,,,,,,,genre,Action,"Action (1,154)",1154,0.15,0.18,1820,2974,0.14,2397
node,,Role-Playing,,,,,,,,,genre,Role-Playing,Role-Playing (635),635,0.15,0.18,3006,3641,0.14,3323.5
node,,Shooter,,,,,,,,,genre,Shooter,Shooter (599),599,0.15,0.18,3673,4272,0.14,3972.5
node,,,E,,,,,,,,rating,E,"E — Everyone (1,616)",1616,0.82,0.85,32,1648,0.86,840
node,,,E10+,,,,,,,,rating,E10+,E10+ — Everyone 10+ (479),479,0.82,0.85,1680,2159,0.86,1919.5
node,,,T,,,,,,,,rating,T,"T — Teen (1,272)",1272,0.82,0.85,2191,3463,0.86,2827
node,,,M,,,,,,,,rating,M,M — Mature (745),745,0.82,0.85,3495,4240,0.86,3867.5
