family,platform,game_platform_count,x0,x1,y0,y1
PC / Computer,PC (Microsoft Windows),105325,2.0,348.9234,2.0,498.0
PC / Computer,Mac,21858,348.9234,525.0976,2.0,204.6992
PC / Computer,Linux,13929,348.9234,525.0976,204.6992,333.8691
PC / Computer,DOS,3007,348.9234,420.2432,333.8691,402.7514
PC / Computer,Commodore C64/128/MAX,2346,348.9234,420.2432,402.7514,456.492
PC / Computer,Amiga,1812,348.9234,420.2432,456.492,498.0
PC / Computer,ZX Spectrum,1614,420.2432,479.2718,333.8691,378.54
PC / Computer,Amstrad CPC,1253,479.2718,525.0976,333.8691,378.54
PC / Computer,Atari ST/STE,1126,420.2432,460.6768,378.54,424.0367
PC / Computer,Apple II,912,460.6768,493.4258,378.54,424.0367
PC / Computer,MSX,882,493.4258,525.0976,378.54,424.0367
PC / Computer,Atari 8-bit,745,420.2432,450.3278,424.0367,464.4939
PC / Computer,PC-9800 Series,617,420.2432,450.3278,464.4939,498.0
PC / Computer,PC-8800 Series,375,450.3278,472.7035,424.0367,451.417
PC / Computer,BBC Microcomputer System,363,450.3278,472.7035,451.417,477.9211
PC / Computer,Sharp X68000,275,450.3278,472.7035,477.9211,498.0
PC / Computer,FM Towns,225,472.7035,492.8896,424.0367,442.2469
PC / Computer,Commodore VIC-20,185,492.8896,509.4871,424.0367,442.2469
PC / Computer,FM-7,174,509.4871,525.0976,424.0367,442.2469
PC / Computer,Sharp X1,166,472.7035,491.57,442.2469,456.6217
PC / Computer,Amiga CD32,151,491.57,508.7316,442.2469,456.6217
PC / Computer,TRS-80,144,508.7316,525.0976,442.2469,456.6217
PC / Computer,Commodore 16,140,472.7035,488.8521,456.6217,470.7854
PC / Computer,MSX2,135,472.7035,488.8521,470.7854,484.4433
PC / Computer,Acorn Electron,134,472.7035,488.8521,484.4433,498.0
PC / Computer,Sinclair ZX81,125,488.8521,502.4578,456.6217,471.6315
PC / Computer,Apple IIGS,114,502.4578,514.8662,456.6217,471.6315
PC / Computer,TRS-80 Color Computer,94,514.8662,525.0976,456.6217,471.6315
PC / Computer,Texas Instruments TI-99,94,488.8521,499.6948,471.6315,485.7951
PC / Computer,Commodore Plus/4,81,488.8521,499.6948,485.7951,498.0
PC / Computer,Dragon 32/64,79,499.6948,513.8274,471.6315,480.764
PC / Computer,NEC PC-6000 Series,63,513.8274,525.0976,471.6315,480.764
PC / Computer,Acorn Archimedes,61,499.6948,509.6474,480.764,490.7773
PC / Computer,Amstrad PCW,44,499.6948,509.6474,490.7773,498.0
PC / Computer,Commodore PET,37,509.6474,517.4783,480.764,488.4832
PC / Computer,Sharp MZ-2200,36,517.4783,525.0976,480.764,488.4832
PC / Computer,Commodore CDTV,17,509.6474,515.4841,488.4832,493.2416
PC / Computer,Tomy Tutor / Pyuta / Grandstand Tutor,17,509.6474,515.4841,493.2416,498.0
PC / Computer,Thomson MO5,15,515.4841,520.4626,488.4832,493.4057
PC / Computer,Tatung Einstein,14,515.4841,520.4626,493.4057,498.0
PC / Computer,Legacy Computer,13,520.4626,525.0976,488.4832,493.0654
PC / Computer,Sinclair QL,6,520.4626,523.5526,493.0654,496.2376
PC / Computer,PDP-11,3,523.5526,525.0976,493.0654,496.2376
PC / Computer,Amstrad GX4000,1,520.4626,521.3896,496.2376,498.0
PC / Computer,Call-A-Computer time-shared mainframe computer system,1,521.3896,522.3166,496.2376,498.0
PC / Computer,Exidy Sorcerer,1,522.3166,523.2436,496.2376,498.0
PC / Computer,Microcomputer,1,523.2436,524.1706,496.2376,498.0
PC / Computer,PLATO,1,524.1706,525.0976,496.2376,498.0
Mobile / Web,iOS,14449,529.0976,737.0335,2.0,113.6101
Mobile / Web,Android,13225,529.0976,646.8989,113.6101,293.9289
Mobile / Web,Web browser,8410,646.8989,737.0335,113.6101,263.4748
Mobile / Web,Legacy Mobile Device,999,646.8989,699.5873,263.4748,293.9289
Mobile / Web,Windows Phone,412,699.5873,721.3166,263.4748,293.9289
Mobile / Web,BlackBerry OS,83,721.3166,737.0335,263.4748,271.957
Mobile / Web,Amazon Fire TV,62,721.3166,729.5746,271.957,284.016
Mobile / Web,Windows Mobile,56,729.5746,737.0335,271.957,284.016
Mobile / Web,N-Gage,44,721.3166,728.4459,284.016,293.9289
Mobile / Web,visionOS,34,728.4459,737.0335,284.016,290.3752
Mobile / Web,Palm OS,18,728.4459,736.5815,290.3752,293.9289
Mobile / Web,AirConsole,1,736.5815,737.0335,290.3752,293.9289
Nintendo,Nintendo Switch,13009,741.0335,898.0,2.0,134.3057
Nintendo,Wii,2334,741.0335,803.7234,134.3057,193.7411
Nintendo,Nintendo DS,2012,803.7234,857.7646,134.3057,193.7411
Nintendo,Nintendo 3DS,1498,857.7646,898.0,134.3057,193.7411
Nintendo,Super Famicom,1208,741.0335,778.861,193.7411,244.7212
Nintendo,Game Boy Advance,1166,741.0335,778.861,244.7212,293.9289
Nintendo,Wii U,1138,778.861,812.8643,193.7411,247.1683
Nintendo,Family Computer,996,778.861,812.8643,247.1683,293.9289
Nintendo,Nintendo Entertainment System,916,812.8643,857.812,193.7411,226.2745
Nintendo,Super Nintendo Entertainment System,819,857.812,898.0,193.7411,226.2745
Nintendo,Game Boy,752,812.8643,847.2678,226.2745,261.1689
Nintendo,Game Boy Color,706,812.8643,847.2678,261.1689,293.9289
Nintendo,Nintendo DSi,616,847.2678,873.2454,226.2745,264.1295
Nintendo,Nintendo GameCube,587,873.2454,898.0,226.2745,264.1295
Nintendo,Nintendo 64,360,847.2678,866.5535,264.1295,293.9289
Nintendo,Satellaview,192,866.5535,886.6428,264.1295,279.3868
Nintendo,Family Computer Disk System,183,866.5535,886.6428,279.3868,293.9289
Nintendo,New Nintendo 3DS,71,886.6428,898.0,264.1295,274.1095
Nintendo,Game & Watch,40,886.6428,892.7,274.1095,284.6517
Nintendo,Virtual Boy,35,892.7,898.0,274.1095,284.6517
Nintendo,64DD,21,886.6428,893.8701,284.6517,289.2903
Nintendo,Pokémon mini,21,886.6428,893.8701,289.2903,293.9289
Nintendo,e-Reader / Card-e Reader,17,893.8701,898.0,284.6517,291.2231
Nintendo,Super NES CD-ROM System,6,893.8701,897.41,291.2231,293.9289
Nintendo,Virtual Console,1,897.41,898.0,291.2231,293.9289
PlayStation,PlayStation 4,8884,529.0976,633.5214,297.9289,433.7144
PlayStation,PlayStation 5,4206,529.0976,633.5214,433.7144,498.0
PlayStation,PlayStation 2,3257,633.5214,735.4163,297.9289,348.9452
PlayStation,PlayStation,2837,633.5214,686.5921,348.9452,434.2648
PlayStation,PlayStation 3,2610,686.5921,735.4163,348.9452,434.2648
PlayStation,PlayStation Portable,1804,633.5214,678.6967,434.2648,498.0
PlayStation,PlayStation Vita,1517,678.6967,735.4163,434.2648,476.9519
PlayStation,PlayStation VR,495,678.6967,716.2318,476.9519,498.0
PlayStation,PlayStation VR2,251,716.2318,735.4163,476.9519,497.8336
PlayStation,PocketStation,2,716.2318,735.4163,497.8336,498.0
Xbox,Xbox One,6748,739.4163,821.3992,297.9289,427.1625
Xbox,Xbox Series X|S,3163,821.3992,898.0,297.9289,362.7609
Xbox,Xbox 360,2188,821.3992,874.7418,362.7609,427.1625
Xbox,Xbox,954,874.7418,898.0,362.7609,427.1625
VR,SteamVR,1538,739.4163,773.7717,431.1625,498.0
VR,Meta Quest 2,719,773.7717,804.649,431.1625,465.928
VR,Oculus Quest,391,804.649,821.4404,431.1625,465.928
VR,Oculus Rift,329,773.7717,803.1457,465.928,482.6502
VR,Oculus VR,302,773.7717,803.1457,482.6502,498.0
VR,Meta Quest 3,236,803.1457,821.4404,465.928,485.1875
VR,Windows Mixed Reality,117,803.1457,816.7793,485.1875,498.0
VR,Oculus Go,15,816.7793,821.4404,485.1875,489.9922
VR,Daydream,14,816.7793,821.4404,489.9922,494.4766
VR,Gear VR,11,816.7793,821.4404,494.4766,498.0
Sega,Sega Mega Drive/Genesis,1031,825.4404,864.3402,431.1625,470.4944
Sega,Sega Saturn,721,825.4404,864.3402,470.4944,498.0
Sega,Dreamcast,559,864.3402,898.0,431.1625,455.8077
Sega,Sega Master System/Mark III,309,864.3402,882.0891,455.8077,481.6433
Sega,Sega Game Gear,277,882.0891,898.0,455.8077,481.6433
Sega,Sega CD,193,864.3402,881.8505,481.6433,498.0
Sega,SG-1000,91,881.8505,898.0,481.6433,490.0055
Sega,Sega Pico,43,881.8505,889.8325,490.0055,498.0
Sega,Sega 32X,32,889.8325,895.7725,490.0055,498.0
Sega,Advanced Pico Beena,8,895.7725,898.0,490.0055,495.3352
Sega,Sega CD 32X,2,895.7725,898.0,495.3352,496.6676
Sega,Visual Memory Unit / Visual Memory System,2,895.7725,898.0,496.6676,498.0
