platform_rank,platform,platform_full,genre,genre_label,recorded_sales_millions,genre_share_within_platform,genre_share_of_all_recorded_sales,platform_recorded_sales_millions,platform_share_of_all_recorded_sales,sales_rows,total_rows,sales_coverage_percent,x0,x1,y0,y1,parent_x0,parent_x1,parent_y0,parent_y1,cell_area
1,PS2,PlayStation 2,Sports,Sports,266.38,25.92,4.03,1027.76,15.56,2126,3565,59.6,0,17.5699,0,22.9509,0,41.285,0,37.6848,403.245
1,PS2,PlayStation 2,Action,Action,171.01,16.64,2.59,1027.76,15.56,2126,3565,59.6,0,17.5699,22.9509,37.6848,0,41.285,0,37.6848,258.8743
1,PS2,PlayStation 2,Racing,Racing,129.79,12.63,1.96,1027.76,15.56,2126,3565,59.6,17.5699,30.7242,0,14.9362,0,41.285,0,37.6848,196.4756
1,PS2,PlayStation 2,Shooter,Shooter,104.2,10.14,1.58,1027.76,15.56,2126,3565,59.6,30.7242,41.285,0,14.9362,0,41.285,0,37.6848,157.7375
1,PS2,PlayStation 2,Misc,Misc,87.56,8.52,1.33,1027.76,15.56,2126,3565,59.6,17.5699,27.8397,14.9362,27.8428,0,41.285,0,37.6848,132.548
1,PS2,PlayStation 2,Fighting,Fighting,66.77,6.5,1.01,1027.76,15.56,2126,3565,59.6,17.5699,27.8397,27.8428,37.6848,0,41.285,0,37.6848,101.0762
1,PS2,PlayStation 2,Platform,Platform,59.58,5.8,0.9,1027.76,15.56,2126,3565,59.6,27.8397,41.285,14.9362,21.6443,0,41.285,0,37.6848,90.192
1,PS2,PlayStation 2,Adventure,Adventure,44.32,4.31,0.67,1027.76,15.56,2126,3565,59.6,27.8397,34.8428,21.6443,31.2245,0,41.285,0,37.6848,67.0914
1,PS2,PlayStation 2,Role-Playing,Role-Playing,40.77,3.97,0.62,1027.76,15.56,2126,3565,59.6,34.8428,41.285,21.6443,31.2245,0,41.285,0,37.6848,61.7175
1,PS2,PlayStation 2,Simulation,Simulation,37.99,3.7,0.58,1027.76,15.56,2126,3565,59.6,27.8397,36.7415,31.2245,37.6848,0,41.285,0,37.6848,57.5091
1,PS2,PlayStation 2,Strategy,,13.34,1.3,0.2,1027.76,15.56,2126,3565,59.6,36.7415,41.285,31.2245,35.6691,0,41.285,0,37.6848,20.194
1,PS2,PlayStation 2,Puzzle,,5.33,0.52,0.08,1027.76,15.56,2126,3565,59.6,36.7415,40.7443,35.6691,37.6848,0,41.285,0,37.6848,8.0685
1,PS2,PlayStation 2,MMO,,0.32,0.03,0.0,1027.76,15.56,2126,3565,59.6,40.7443,41.285,35.6691,36.565,0,41.285,0,37.6848,0.4844
1,PS2,PlayStation 2,Education,,0.24,0.02,0.0,1027.76,15.56,2126,3565,59.6,40.7443,41.285,36.565,37.2369,0,41.285,0,37.6848,0.3633
1,PS2,PlayStation 2,Party,,0.08,0.01,0.0,1027.76,15.56,2126,3565,59.6,40.7443,41.0146,37.2369,37.6848,0,41.285,0,37.6848,0.1211
1,PS2,PlayStation 2,Visual Novel,,0.08,0.01,0.0,1027.76,15.56,2126,3565,59.6,41.0146,41.285,37.2369,37.6848,0,41.285,0,37.6848,0.1211
2,X360,Xbox 360,Shooter,Shooter,231.35,26.91,3.5,859.79,13.02,1302,1735,75.0,0,18.8829,37.6848,56.2316,0,41.285,37.6848,69.2107,350.2167
2,X360,Xbox 360,Action,Action,161.9,18.83,2.45,859.79,13.02,1302,1735,75.0,0,18.8829,56.2316,69.2107,0,41.285,37.6848,69.2107,245.0836
2,X360,Xbox 360,Sports,Sports,141.09,16.41,2.14,859.79,13.02,1302,1735,75.0,18.8829,34.1182,37.6848,51.7037,0,41.285,37.6848,69.2107,213.5815
2,X360,Xbox 360,Racing,Racing,66.37,7.72,1.0,859.79,13.02,1302,1735,75.0,34.1182,41.285,37.6848,51.7037,0,41.285,37.6848,69.2107,100.4706
2,X360,Xbox 360,Role-Playing,Role-Playing,65.1,7.57,0.99,859.79,13.02,1302,1735,75.0,18.8829,29.5046,51.7037,60.9817,0,41.285,37.6848,69.2107,98.5481
2,X360,Xbox 360,Misc,Misc,57.74,6.72,0.87,859.79,13.02,1302,1735,75.0,18.8829,29.5046,60.9817,69.2107,0,41.285,37.6848,69.2107,87.4066
2,X360,Xbox 360,Fighting,Fighting,37.47,4.36,0.57,859.79,13.02,1302,1735,75.0,29.5046,36.2789,51.7037,60.0769,0,41.285,37.6848,69.2107,56.7219
2,X360,Xbox 360,Adventure,,27.69,3.22,0.42,859.79,13.02,1302,1735,75.0,36.2789,41.285,51.7037,60.0769,0,41.285,37.6848,69.2107,41.917
2,X360,Xbox 360,Action-Adventure,,24.59,2.86,0.37,859.79,13.02,1302,1735,75.0,29.5046,36.424,60.0769,65.4566,0,41.285,37.6848,69.2107,37.2242
2,X360,Xbox 360,Platform,,17.16,2.0,0.26,859.79,13.02,1302,1735,75.0,29.5046,36.424,65.4566,69.2107,0,41.285,37.6848,69.2107,25.9767
2,X360,Xbox 360,Simulation,,10.98,1.28,0.17,859.79,13.02,1302,1735,75.0,36.424,41.285,60.0769,63.4962,0,41.285,37.6848,69.2107,16.6215
2,X360,Xbox 360,Music,,9.4,1.09,0.14,859.79,13.02,1302,1735,75.0,36.424,41.285,63.4962,66.4236,0,41.285,37.6848,69.2107,14.2297
2,X360,Xbox 360,Strategy,,6.24,0.73,0.09,859.79,13.02,1302,1735,75.0,36.424,39.8131,66.4236,69.2107,0,41.285,37.6848,69.2107,9.4461
2,X360,Xbox 360,Puzzle,,1.7,0.2,0.03,859.79,13.02,1302,1735,75.0,39.8131,41.285,66.4236,68.172,0,41.285,37.6848,69.2107,2.5735
2,X360,Xbox 360,Education,,0.52,0.06,0.01,859.79,13.02,1302,1735,75.0,39.8131,40.5709,68.172,69.2107,0,41.285,37.6848,69.2107,0.7872
2,X360,Xbox 360,Visual Novel,,0.25,0.03,0.0,859.79,13.02,1302,1735,75.0,40.5709,41.285,68.172,68.702,0,41.285,37.6848,69.2107,0.3784
2,X360,Xbox 360,Party,,0.22,0.03,0.0,859.79,13.02,1302,1735,75.0,40.5709,41.2255,68.702,69.2107,0,41.285,37.6848,69.2107,0.333
2,X360,Xbox 360,Board Game,,0.02,0.0,0.0,859.79,13.02,1302,1735,75.0,41.2255,41.285,68.702,69.2107,0,41.285,37.6848,69.2107,0.0303
3,PS3,PlayStation 3,Action,Action,191.66,22.82,2.9,839.7,12.71,1348,1905,70.8,0,18.7417,69.2107,84.6914,0,41.285,69.2107,100.0,290.1341
3,PS3,PlayStation 3,Shooter,Shooter,189.53,22.57,2.87,839.7,12.71,1348,1905,70.8,0,18.7417,84.6914,100.0,0,41.285,69.2107,100.0,286.9098
3,PS3,PlayStation 3,Sports,Sports,153.41,18.27,2.32,839.7,12.71,1348,1905,70.8,18.7417,41.285,69.2107,79.5123,0,41.285,69.2107,100.0,232.2314
3,PS3,PlayStation 3,Role-Playing,Role-Playing,57.73,6.88,0.87,839.7,12.71,1348,1905,70.8,18.7417,27.2647,79.5123,89.7659,0,41.285,69.2107,100.0,87.3914
3,PS3,PlayStation 3,Misc,Misc,57.62,6.86,0.87,839.7,12.71,1348,1905,70.8,18.7417,27.2647,89.7659,100.0,0,41.285,69.2107,100.0,87.2249
3,PS3,PlayStation 3,Racing,Racing,51.99,6.19,0.79,839.7,12.71,1348,1905,70.8,27.2647,34.6379,79.5123,90.1864,0,41.285,69.2107,100.0,78.7023
3,PS3,PlayStation 3,Fighting,Fighting,46.87,5.58,0.71,839.7,12.71,1348,1905,70.8,34.6379,41.285,79.5123,90.1864,0,41.285,69.2107,100.0,70.9516
3,PS3,PlayStation 3,Action-Adventure,,26.28,3.13,0.4,839.7,12.71,1348,1905,70.8,27.2647,34.905,90.1864,95.3934,0,41.285,69.2107,100.0,39.7826
3,PS3,PlayStation 3,Adventure,,23.25,2.77,0.35,839.7,12.71,1348,1905,70.8,27.2647,34.905,95.3934,100.0,0,41.285,69.2107,100.0,35.1958
3,PS3,PlayStation 3,Platform,,20.14,2.4,0.3,839.7,12.71,1348,1905,70.8,34.905,41.285,90.1864,94.9651,0,41.285,69.2107,100.0,30.4879
3,PS3,PlayStation 3,Simulation,,8.19,0.98,0.12,839.7,12.71,1348,1905,70.8,34.905,37.3674,94.9651,100.0,0,41.285,69.2107,100.0,12.398
3,PS3,PlayStation 3,Strategy,,4.95,0.59,0.07,839.7,12.71,1348,1905,70.8,37.3674,39.5685,94.9651,98.3694,0,41.285,69.2107,100.0,7.4933
3,PS3,PlayStation 3,Music,,3.86,0.46,0.06,839.7,12.71,1348,1905,70.8,39.5685,41.285,94.9651,98.3694,0,41.285,69.2107,100.0,5.8433
3,PS3,PlayStation 3,Puzzle,,1.79,0.21,0.03,839.7,12.71,1348,1905,70.8,37.3674,39.0291,98.3694,100.0,0,41.285,69.2107,100.0,2.7097
3,PS3,PlayStation 3,MMO,,1.42,0.17,0.02,839.7,12.71,1348,1905,70.8,39.0291,40.3474,98.3694,100.0,0,41.285,69.2107,100.0,2.1496
3,PS3,PlayStation 3,Visual Novel,,0.97,0.12,0.01,839.7,12.71,1348,1905,70.8,40.3474,41.285,98.3694,99.9354,0,41.285,69.2107,100.0,1.4684
3,PS3,PlayStation 3,Party,,0.04,0.0,0.0,839.7,12.71,1348,1905,70.8,40.3474,41.285,99.9354,100.0,0,41.285,69.2107,100.0,0.0606
4,PS,PlayStation,Sports,Sports,115.91,21.22,1.75,546.25,8.27,1130,2707,41.7,41.285,51.791,0,16.7014,41.285,70.8136,0,28.0037,175.4641
4,PS,PlayStation,Action,Action,78.44,14.36,1.19,546.25,8.27,1130,2707,41.7,41.285,51.791,16.7014,28.0037,41.285,70.8136,0,28.0037,118.7422
4,PS,PlayStation,Racing,Racing,77.13,14.12,1.17,546.25,8.27,1130,2707,41.7,51.791,62.6786,0,10.724,41.285,70.8136,0,28.0037,116.7591
4,PS,PlayStation,Fighting,Fighting,57.63,10.55,0.87,546.25,8.27,1130,2707,41.7,62.6786,70.8136,0,10.724,41.285,70.8136,0,28.0037,87.2401
4,PS,PlayStation,Misc,Misc,42.75,7.83,0.65,546.25,8.27,1130,2707,41.7,51.791,58.8362,10.724,19.9097,41.285,70.8136,0,28.0037,64.7148
4,PS,PlayStation,Shooter,Shooter,37.67,6.9,0.57,546.25,8.27,1130,2707,41.7,51.791,58.8362,19.9097,28.0037,41.285,70.8136,0,28.0037,57.0247
4,PS,PlayStation,Role-Playing,,31.44,5.76,0.48,546.25,8.27,1130,2707,41.7,58.8362,64.8982,10.724,18.5752,41.285,70.8136,0,28.0037,47.5937
4,PS,PlayStation,Adventure,,30.68,5.62,0.46,546.25,8.27,1130,2707,41.7,64.8982,70.8136,10.724,18.5752,41.285,70.8136,0,28.0037,46.4433
4,PS,PlayStation,Platform,,26.55,4.86,0.4,546.25,8.27,1130,2707,41.7,58.8362,66.4031,18.5752,23.8866,41.285,70.8136,0,28.0037,40.1913
4,PS,PlayStation,Strategy,,20.58,3.77,0.31,546.25,8.27,1130,2707,41.7,58.8362,66.4031,23.8866,28.0037,41.285,70.8136,0,28.0037,31.1539
4,PS,PlayStation,Simulation,,15.07,2.76,0.23,546.25,8.27,1130,2707,41.7,66.4031,70.8136,18.5752,23.7477,41.285,70.8136,0,28.0037,22.8129
4,PS,PlayStation,Puzzle,,12.4,2.27,0.19,546.25,8.27,1130,2707,41.7,66.4031,70.8136,23.7477,28.0037,41.285,70.8136,0,28.0037,18.7711
5,PS4,PlayStation 4,Shooter,Shooter,144.95,26.85,2.19,539.92,8.17,908,2878,31.5,70.8136,84.5327,0,15.9941,70.8136,100.0,0,28.0037,219.4247
5,PS4,PlayStation 4,Sports,Sports,108.84,20.16,1.65,539.92,8.17,908,2878,31.5,70.8136,84.5327,15.9941,28.0037,70.8136,100.0,0,28.0037,164.7616
5,PS4,PlayStation 4,Action,Action,92.41,17.12,1.4,539.92,8.17,908,2878,31.5,84.5327,100.0,0,9.0442,70.8136,100.0,0,28.0037,139.8899
5,PS4,PlayStation 4,Action-Adventure,Action-Adventure,51.21,9.48,0.78,539.92,8.17,908,2878,31.5,84.5327,92.6135,9.0442,18.6375,70.8136,100.0,0,28.0037,77.5215
5,PS4,PlayStation 4,Role-Playing,Role-Playing,46.81,8.67,0.71,539.92,8.17,908,2878,31.5,92.6135,100.0,9.0442,18.6375,70.8136,100.0,0,28.0037,70.8608
5,PS4,PlayStation 4,Racing,,21.01,3.89,0.32,539.92,8.17,908,2878,31.5,84.5327,90.4352,18.6375,24.0259,70.8136,100.0,0,28.0037,31.8049
5,PS4,PlayStation 4,Fighting,,15.51,2.87,0.23,539.92,8.17,908,2878,31.5,84.5327,90.4352,24.0259,28.0037,70.8136,100.0,0,28.0037,23.479
5,PS4,PlayStation 4,Platform,,14.78,2.74,0.22,539.92,8.17,908,2878,31.5,90.4352,94.9153,18.6375,23.6315,70.8136,100.0,0,28.0037,22.3739
5,PS4,PlayStation 4,Misc,,12.94,2.4,0.2,539.92,8.17,908,2878,31.5,90.4352,94.9153,23.6315,28.0037,70.8136,100.0,0,28.0037,19.5885
5,PS4,PlayStation 4,Adventure,,11.97,2.22,0.18,539.92,8.17,908,2878,31.5,94.9153,100.0,18.6375,22.2012,70.8136,100.0,0,28.0037,18.1201
5,PS4,PlayStation 4,Simulation,,6.48,1.2,0.1,539.92,8.17,908,2878,31.5,94.9153,97.6749,22.2012,25.756,70.8136,100.0,0,28.0037,9.8094
5,PS4,PlayStation 4,Music,,5.46,1.01,0.08,539.92,8.17,908,2878,31.5,97.6749,100.0,22.2012,25.756,70.8136,100.0,0,28.0037,8.2653
5,PS4,PlayStation 4,MMO,,3.63,0.67,0.05,539.92,8.17,908,2878,31.5,94.9153,97.36,25.756,28.0037,70.8136,100.0,0,28.0037,5.4951
5,PS4,PlayStation 4,Strategy,,1.62,0.3,0.02,539.92,8.17,908,2878,31.5,97.36,99.1312,25.756,27.1405,70.8136,100.0,0,28.0037,2.4523
5,PS4,PlayStation 4,Puzzle,,1.01,0.19,0.02,539.92,8.17,908,2878,31.5,97.36,99.1312,27.1405,28.0037,70.8136,100.0,0,28.0037,1.5289
5,PS4,PlayStation 4,Party,,0.71,0.13,0.01,539.92,8.17,908,2878,31.5,99.1312,100.0,25.756,26.9931,70.8136,100.0,0,28.0037,1.0748
5,PS4,PlayStation 4,Visual Novel,,0.58,0.11,0.01,539.92,8.17,908,2878,31.5,99.1312,100.0,26.9931,28.0037,70.8136,100.0,0,28.0037,0.878
6,Wii,Nintendo Wii,Misc,Misc,122.52,26.67,1.85,459.44,6.95,1357,1676,81.0,41.285,55.0211,28.0037,41.5062,41.285,70.6831,28.0037,51.6617,185.4703
6,Wii,Nintendo Wii,Sports,Sports,92.15,20.06,1.39,459.44,6.95,1357,1676,81.0,41.285,55.0211,41.5062,51.6617,41.285,70.6831,28.0037,51.6617,139.4963
6,Wii,Nintendo Wii,Action,Action,63.55,13.83,0.96,459.44,6.95,1357,1676,81.0,55.0211,65.1218,28.0037,37.528,41.285,70.6831,28.0037,51.6617,96.2017
6,Wii,Nintendo Wii,Adventure,,34.99,7.62,0.53,459.44,6.95,1357,1676,81.0,65.1218,70.6831,28.0037,37.528,41.285,70.6831,28.0037,51.6617,52.9677
6,Wii,Nintendo Wii,Simulation,,31.6,6.88,0.48,459.44,6.95,1357,1676,81.0,55.0211,61.1164,37.528,45.3759,41.285,70.6831,28.0037,51.6617,47.836
6,Wii,Nintendo Wii,Racing,,25.31,5.51,0.38,459.44,6.95,1357,1676,81.0,55.0211,61.1164,45.3759,51.6617,41.285,70.6831,28.0037,51.6617,38.3142
6,Wii,Nintendo Wii,Shooter,,22.18,4.83,0.34,459.44,6.95,1357,1676,81.0,61.1164,66.3739,37.528,43.9144,41.285,70.6831,28.0037,51.6617,33.576
6,Wii,Nintendo Wii,Music,,18.18,3.96,0.28,459.44,6.95,1357,1676,81.0,66.3739,70.6831,37.528,43.9144,41.285,70.6831,28.0037,51.6617,27.5208
6,Wii,Nintendo Wii,Platform,,16.46,3.58,0.25,459.44,6.95,1357,1676,81.0,61.1164,66.4176,43.9144,48.6147,41.285,70.6831,28.0037,51.6617,24.9171
6,Wii,Nintendo Wii,Fighting,,10.67,2.32,0.16,459.44,6.95,1357,1676,81.0,61.1164,66.4176,48.6147,51.6617,41.285,70.6831,28.0037,51.6617,16.1522
6,Wii,Nintendo Wii,Puzzle,,8.76,1.91,0.13,459.44,6.95,1357,1676,81.0,66.4176,70.6831,43.9144,47.0232,41.285,70.6831,28.0037,51.6617,13.2609
6,Wii,Nintendo Wii,Role-Playing,,5.64,1.23,0.09,459.44,6.95,1357,1676,81.0,66.4176,68.88,47.0232,50.4905,41.285,70.6831,28.0037,51.6617,8.5378
6,Wii,Nintendo Wii,Strategy,,4.13,0.9,0.06,459.44,6.95,1357,1676,81.0,68.88,70.6831,47.0232,50.4905,41.285,70.6831,28.0037,51.6617,6.252
6,Wii,Nintendo Wii,Action-Adventure,,2.9,0.63,0.04,459.44,6.95,1357,1676,81.0,66.4176,70.1661,50.4905,51.6617,41.285,70.6831,28.0037,51.6617,4.39
6,Wii,Nintendo Wii,Party,,0.4,0.09,0.01,459.44,6.95,1357,1676,81.0,70.1661,70.6831,50.4905,51.6617,41.285,70.6831,28.0037,51.6617,0.6055
7,DS,Nintendo DS,Simulation,Simulation,89.04,19.43,1.35,458.17,6.94,2396,3288,72.9,70.6831,80.7822,28.0037,41.3504,70.6831,100.0,28.0037,51.6617,134.7884
7,DS,Nintendo DS,Misc,Misc,68.79,15.01,1.04,458.17,6.94,2396,3288,72.9,70.6831,80.7822,41.3504,51.6617,70.6831,100.0,28.0037,51.6617,104.134
7,DS,Nintendo DS,Action,Action,65.25,14.24,0.99,458.17,6.94,2396,3288,72.9,80.7822,90.4638,28.0037,38.2061,70.6831,100.0,28.0037,51.6617,98.7752
7,DS,Nintendo DS,Adventure,Adventure,64.27,14.03,0.97,458.17,6.94,2396,3288,72.9,90.4638,100.0,28.0037,38.2061,70.6831,100.0,28.0037,51.6617,97.2917
7,DS,Nintendo DS,Puzzle,Puzzle,40.22,8.78,0.61,458.17,6.94,2396,3288,72.9,80.7822,88.8363,38.2061,45.7656,70.6831,100.0,28.0037,51.6617,60.8849
7,DS,Nintendo DS,Role-Playing,,31.37,6.85,0.47,458.17,6.94,2396,3288,72.9,80.7822,88.8363,45.7656,51.6617,70.6831,100.0,28.0037,51.6617,47.4878
7,DS,Nintendo DS,Sports,,30.57,6.67,0.46,458.17,6.94,2396,3288,72.9,88.8363,94.8648,38.2061,45.8824,70.6831,100.0,28.0037,51.6617,46.2767
7,DS,Nintendo DS,Platform,,26.04,5.68,0.39,458.17,6.94,2396,3288,72.9,94.8648,100.0,38.2061,45.8824,70.6831,100.0,28.0037,51.6617,39.4192
7,DS,Nintendo DS,Strategy,,14.33,3.13,0.22,458.17,6.94,2396,3288,72.9,88.8363,92.5898,45.8824,51.6617,70.6831,100.0,28.0037,51.6617,21.6927
7,DS,Nintendo DS,Racing,,13.81,3.01,0.21,458.17,6.94,2396,3288,72.9,92.5898,96.2072,45.8824,51.6617,70.6831,100.0,28.0037,51.6617,20.9055
7,DS,Nintendo DS,Shooter,,7.15,1.56,0.11,458.17,6.94,2396,3288,72.9,96.2072,100.0,45.8824,48.7361,70.6831,100.0,28.0037,51.6617,10.8236
7,DS,Nintendo DS,Fighting,,6.36,1.39,0.1,458.17,6.94,2396,3288,72.9,96.2072,99.4981,48.7361,51.6617,70.6831,100.0,28.0037,51.6617,9.6277
7,DS,Nintendo DS,Action-Adventure,,0.95,0.21,0.01,458.17,6.94,2396,3288,72.9,99.4981,100.0,48.7361,51.6013,70.6831,100.0,28.0037,51.6617,1.4381
7,DS,Nintendo DS,Visual Novel,,0.02,0.0,0.0,458.17,6.94,2396,3288,72.9,99.4981,100.0,51.6013,51.6617,70.6831,100.0,28.0037,51.6617,0.0303
8,XOne,Xbox One,Shooter,Shooter,90.32,33.58,1.37,268.96,4.07,524,1963,26.7,41.285,53.374,51.6617,62.9716,41.285,64.6566,51.6617,69.0824,136.7261
8,XOne,Xbox One,Sports,Sports,48.8,18.14,0.74,268.96,4.07,524,1963,26.7,41.285,53.374,62.9716,69.0824,41.285,64.6566,51.6617,69.0824,73.8732
8,XOne,Xbox One,Action,Action,46.68,17.36,0.71,268.96,4.07,524,1963,26.7,53.374,64.6566,51.6617,57.9247,41.285,64.6566,51.6617,69.0824,70.664
8,XOne,Xbox One,Action-Adventure,,20.36,7.57,0.31,268.96,4.07,524,1963,26.7,53.374,58.1375,57.9247,64.395,41.285,64.6566,51.6617,69.0824,30.8209
8,XOne,Xbox One,Racing,,14.75,5.48,0.22,268.96,4.07,524,1963,26.7,53.374,58.1375,64.395,69.0824,41.285,64.6566,51.6617,69.0824,22.3285
8,XOne,Xbox One,Role-Playing,,14.56,5.41,0.22,268.96,4.07,524,1963,26.7,58.1375,64.6566,57.9247,61.3057,41.285,64.6566,51.6617,69.0824,22.0409
8,XOne,Xbox One,Misc,,9.04,3.36,0.14,268.96,4.07,524,1963,26.7,58.1375,62.1935,61.3057,64.6797,41.285,64.6566,51.6617,69.0824,13.6847
8,XOne,Xbox One,Fighting,,5.49,2.04,0.08,268.96,4.07,524,1963,26.7,62.1935,64.6566,61.3057,64.6797,41.285,64.6566,51.6617,69.0824,8.3107
8,XOne,Xbox One,Music,,4.56,1.7,0.07,268.96,4.07,524,1963,26.7,58.1375,61.1048,64.6797,67.006,41.285,64.6566,51.6617,69.0824,6.9029
8,XOne,Xbox One,Platform,,4.07,1.51,0.06,268.96,4.07,524,1963,26.7,58.1375,61.1048,67.006,69.0824,41.285,64.6566,51.6617,69.0824,6.1611
8,XOne,Xbox One,Adventure,,3.63,1.35,0.05,268.96,4.07,524,1963,26.7,61.1048,62.9182,64.6797,67.71,41.285,64.6566,51.6617,69.0824,5.4951
8,XOne,Xbox One,Simulation,,3.48,1.29,0.05,268.96,4.07,524,1963,26.7,62.9182,64.6566,64.6797,67.71,41.285,64.6566,51.6617,69.0824,5.268
8,XOne,Xbox One,MMO,,1.63,0.61,0.02,268.96,4.07,524,1963,26.7,61.1048,62.9028,67.71,69.0824,41.285,64.6566,51.6617,69.0824,2.4675
8,XOne,Xbox One,Strategy,,1.08,0.4,0.02,268.96,4.07,524,1963,26.7,62.9028,64.0941,67.71,69.0824,41.285,64.6566,51.6617,69.0824,1.6349
8,XOne,Xbox One,Puzzle,,0.44,0.16,0.01,268.96,4.07,524,1963,26.7,64.0941,64.6566,67.71,68.894,41.285,64.6566,51.6617,69.0824,0.6661
8,XOne,Xbox One,Party,,0.05,0.02,0.0,268.96,4.07,524,1963,26.7,64.0941,64.4959,68.894,69.0824,41.285,64.6566,51.6617,69.0824,0.0757
8,XOne,Xbox One,Visual Novel,,0.02,0.01,0.0,268.96,4.07,524,1963,26.7,64.4959,64.6566,68.894,69.0824,41.285,64.6566,51.6617,69.0824,0.0303
9,PSP,PlayStation Portable,Action,Action,47.01,19.17,0.71,245.29,3.71,1340,1807,74.2,41.285,49.8213,69.0824,77.419,41.285,64.6566,69.0824,84.97,71.1635
9,PSP,PlayStation Portable,Sports,Sports,42.58,17.36,0.64,245.29,3.71,1340,1807,74.2,41.285,49.8213,77.419,84.97,41.285,64.6566,69.0824,84.97,64.4574
9,PSP,PlayStation Portable,Racing,,33.47,13.65,0.51,245.29,3.71,1340,1807,74.2,49.8213,58.6143,69.0824,74.8446,41.285,64.6566,69.0824,84.97,50.6668
9,PSP,PlayStation Portable,Role-Playing,,23.0,9.38,0.35,245.29,3.71,1340,1807,74.2,58.6143,64.6566,69.0824,74.8446,41.285,64.6566,69.0824,84.97,34.8173
9,PSP,PlayStation Portable,Shooter,,19.49,7.95,0.3,245.29,3.71,1340,1807,74.2,49.8213,55.3365,74.8446,80.1941,41.285,64.6566,69.0824,84.97,29.5039
9,PSP,PlayStation Portable,Adventure,,17.4,7.09,0.26,245.29,3.71,1340,1807,74.2,49.8213,55.3365,80.1941,84.97,41.285,64.6566,69.0824,84.97,26.3401
9,PSP,PlayStation Portable,Platform,,15.94,6.5,0.24,245.29,3.71,1340,1807,74.2,55.3365,60.5511,74.8446,79.472,41.285,64.6566,69.0824,84.97,24.1299
9,PSP,PlayStation Portable,Fighting,,12.55,5.12,0.19,245.29,3.71,1340,1807,74.2,60.5511,64.6566,74.8446,79.472,41.285,64.6566,69.0824,84.97,18.9981
9,PSP,PlayStation Portable,Misc,,11.54,4.7,0.17,245.29,3.71,1340,1807,74.2,55.3365,58.5139,79.472,84.97,41.285,64.6566,69.0824,84.97,17.4692
9,PSP,PlayStation Portable,Strategy,,8.82,3.6,0.13,245.29,3.71,1340,1807,74.2,58.5139,62.5283,79.472,82.7979,41.285,64.6566,69.0824,84.97,13.3517
9,PSP,PlayStation Portable,Simulation,,5.76,2.35,0.09,245.29,3.71,1340,1807,74.2,58.5139,62.5283,82.7979,84.97,41.285,64.6566,69.0824,84.97,8.7195
9,PSP,PlayStation Portable,Puzzle,,4.61,1.88,0.07,245.29,3.71,1340,1807,74.2,62.5283,64.6566,79.472,82.7509,41.285,64.6566,69.0824,84.97,6.9786
9,PSP,PlayStation Portable,Visual Novel,,2.12,0.86,0.03,245.29,3.71,1340,1807,74.2,62.5283,64.6566,82.7509,84.2587,41.285,64.6566,69.0824,84.97,3.2092
9,PSP,PlayStation Portable,Party,,0.47,0.19,0.01,245.29,3.71,1340,1807,74.2,62.5283,63.5286,84.2587,84.97,41.285,64.6566,69.0824,84.97,0.7115
9,PSP,PlayStation Portable,Music,,0.41,0.17,0.01,245.29,3.71,1340,1807,74.2,63.5286,64.4012,84.2587,84.97,41.285,64.6566,69.0824,84.97,0.6207
9,PSP,PlayStation Portable,Action-Adventure,,0.12,0.05,0.0,245.29,3.71,1340,1807,74.2,64.4012,64.6566,84.2587,84.97,41.285,64.6566,69.0824,84.97,0.1817
10,XB,Xbox,Sports,Sports,54.22,23.37,0.82,232.05,3.51,836,982,85.1,41.285,51.4736,84.97,93.0258,41.285,64.6566,84.97,100.0,82.078
10,XB,Xbox,Shooter,Shooter,46.94,20.23,0.71,232.05,3.51,836,982,85.1,41.285,51.4736,93.0258,100.0,41.285,64.6566,84.97,100.0,71.0576
10,XB,Xbox,Action,Action,41.8,18.01,0.63,232.05,3.51,836,982,85.1,51.4736,59.4115,84.97,92.9414,41.285,64.6566,84.97,100.0,63.2767
10,XB,Xbox,Racing,,27.62,11.9,0.42,232.05,3.51,836,982,85.1,59.4115,64.6566,84.97,92.9414,41.285,64.6566,84.97,100.0,41.811
10,XB,Xbox,Fighting,,11.81,5.09,0.18,232.05,3.51,836,982,85.1,51.4736,56.5242,92.9414,96.4812,41.285,64.6566,84.97,100.0,17.8779
10,XB,Xbox,Role-Playing,,11.74,5.06,0.18,232.05,3.51,836,982,85.1,51.4736,56.5242,96.4812,100.0,41.285,64.6566,84.97,100.0,17.772
10,XB,Xbox,Platform,,9.62,4.15,0.15,232.05,3.51,836,982,85.1,56.5242,60.584,92.9414,96.5285,41.285,64.6566,84.97,100.0,14.5627
10,XB,Xbox,Misc,,9.31,4.01,0.14,232.05,3.51,836,982,85.1,56.5242,60.584,96.5285,100.0,41.285,64.6566,84.97,100.0,14.0934
10,XB,Xbox,Adventure,,7.62,3.28,0.12,232.05,3.51,836,982,85.1,60.584,64.6566,92.9414,95.7738,41.285,64.6566,84.97,100.0,11.5351
10,XB,Xbox,Simulation,,7.45,3.21,0.11,232.05,3.51,836,982,85.1,60.584,64.6566,95.7738,98.5429,41.285,64.6566,84.97,100.0,11.2778
10,XB,Xbox,Strategy,,2.72,1.17,0.04,232.05,3.51,836,982,85.1,60.584,63.4099,98.5429,100.0,41.285,64.6566,84.97,100.0,4.1175
10,XB,Xbox,Action-Adventure,,0.71,0.31,0.01,232.05,3.51,836,982,85.1,63.4099,64.6566,98.5429,99.405,41.285,64.6566,84.97,100.0,1.0748
10,XB,Xbox,Puzzle,,0.4,0.17,0.01,232.05,3.51,836,982,85.1,63.4099,64.4276,99.405,100.0,41.285,64.6566,84.97,100.0,0.6055
10,XB,Xbox,Party,,0.09,0.04,0.0,232.05,3.51,836,982,85.1,64.4276,64.6566,99.405,100.0,41.285,64.6566,84.97,100.0,0.1362
11,GBA,Game Boy Advance,Platform,Platform,53.19,23.69,0.81,224.48,3.4,899,1659,54.2,64.6566,73.1648,51.6617,61.1253,64.6566,84.8205,51.6617,68.5144,80.5188
11,GBA,Game Boy Advance,Action,Action,41.53,18.5,0.63,224.48,3.4,899,1659,54.2,64.6566,73.1648,61.1253,68.5144,64.6566,84.8205,51.6617,68.5144,62.8679
11,GBA,Game Boy Advance,Misc,,33.66,14.99,0.51,224.48,3.4,899,1659,54.2,73.1648,80.5381,51.6617,58.5724,64.6566,84.8205,51.6617,68.5144,50.9544
11,GBA,Game Boy Advance,Adventure,,19.55,8.71,0.3,224.48,3.4,899,1659,54.2,80.5381,84.8205,51.6617,58.5724,64.6566,84.8205,51.6617,68.5144,29.5947
11,GBA,Game Boy Advance,Role-Playing,,17.61,7.84,0.27,224.48,3.4,899,1659,54.2,73.1648,78.3494,58.5724,63.7142,64.6566,84.8205,51.6617,68.5144,26.6579
11,GBA,Game Boy Advance,Sports,,16.44,7.32,0.25,224.48,3.4,899,1659,54.2,73.1648,78.3494,63.7142,68.5144,64.6566,84.8205,51.6617,68.5144,24.8868
11,GBA,Game Boy Advance,Racing,,12.41,5.53,0.19,224.48,3.4,899,1659,54.2,78.3494,81.7975,58.5724,64.0206,64.6566,84.8205,51.6617,68.5144,18.7862
11,GBA,Game Boy Advance,Puzzle,,10.88,4.85,0.16,224.48,3.4,899,1659,54.2,81.7975,84.8205,58.5724,64.0206,64.6566,84.8205,51.6617,68.5144,16.4701
11,GBA,Game Boy Advance,Strategy,,5.51,2.45,0.08,224.48,3.4,899,1659,54.2,78.3494,82.0582,64.0206,66.2696,64.6566,84.8205,51.6617,68.5144,8.341
11,GBA,Game Boy Advance,Simulation,,5.5,2.45,0.08,224.48,3.4,899,1659,54.2,78.3494,82.0582,66.2696,68.5144,64.6566,84.8205,51.6617,68.5144,8.3259
11,GBA,Game Boy Advance,Fighting,,4.21,1.88,0.06,224.48,3.4,899,1659,54.2,82.0582,84.8205,64.0206,66.3278,64.6566,84.8205,51.6617,68.5144,6.3731
11,GBA,Game Boy Advance,Shooter,,3.69,1.64,0.06,224.48,3.4,899,1659,54.2,82.0582,84.6128,66.3278,68.5144,64.6566,84.8205,51.6617,68.5144,5.5859
11,GBA,Game Boy Advance,Music,,0.3,0.13,0.0,224.48,3.4,899,1659,54.2,84.6128,84.8205,66.3278,68.5144,64.6566,84.8205,51.6617,68.5144,0.4541
12,PC,PC,Simulation,Simulation,50.55,29.91,0.77,168.99,2.56,1560,12617,12.4,84.8205,93.6191,51.6617,60.3588,84.8205,100.0,51.6617,68.5144,76.5224
12,PC,PC,Shooter,Shooter,36.66,21.69,0.55,168.99,2.56,1560,12617,12.4,93.6191,100.0,51.6617,60.3588,84.8205,100.0,51.6617,68.5144,55.4958
12,PC,PC,Strategy,,20.64,12.21,0.31,168.99,2.56,1560,12617,12.4,84.8205,91.5063,60.3588,65.0321,84.8205,100.0,51.6617,68.5144,31.2447
12,PC,PC,Role-Playing,,15.38,9.1,0.23,168.99,2.56,1560,12617,12.4,84.8205,91.5063,65.0321,68.5144,84.8205,100.0,51.6617,68.5144,23.2822
12,PC,PC,Action,,10.54,6.24,0.16,168.99,2.56,1560,12617,12.4,91.5063,95.3262,60.3588,64.5357,84.8205,100.0,51.6617,68.5144,15.9554
12,PC,PC,Sports,,10.04,5.94,0.15,168.99,2.56,1560,12617,12.4,91.5063,95.3262,64.5357,68.5144,84.8205,100.0,51.6617,68.5144,15.1985
12,PC,PC,Misc,,7.19,4.25,0.11,168.99,2.56,1560,12617,12.4,95.3262,97.7129,60.3588,64.9192,84.8205,100.0,51.6617,68.5144,10.8842
12,PC,PC,Adventure,,6.89,4.08,0.1,168.99,2.56,1560,12617,12.4,97.7129,100.0,60.3588,64.9192,84.8205,100.0,51.6617,68.5144,10.4301
12,PC,PC,Racing,,4.21,2.49,0.06,168.99,2.56,1560,12617,12.4,95.3262,97.0989,64.9192,68.5144,84.8205,100.0,51.6617,68.5144,6.3731
12,PC,PC,Action-Adventure,,2.74,1.62,0.04,168.99,2.56,1560,12617,12.4,97.0989,100.0,64.9192,66.3489,84.8205,100.0,51.6617,68.5144,4.1478
12,PC,PC,MMO,,1.57,0.93,0.02,168.99,2.56,1560,12617,12.4,97.0989,98.1964,66.3489,68.5144,84.8205,100.0,51.6617,68.5144,2.3767
12,PC,PC,Puzzle,,0.94,0.56,0.01,168.99,2.56,1560,12617,12.4,98.1964,99.2302,66.3489,67.7254,84.8205,100.0,51.6617,68.5144,1.423
12,PC,PC,Music,,0.7,0.41,0.01,168.99,2.56,1560,12617,12.4,99.2302,100.0,66.3489,67.7254,84.8205,100.0,51.6617,68.5144,1.0597
12,PC,PC,Platform,,0.54,0.32,0.01,168.99,2.56,1560,12617,12.4,98.1964,99.2325,67.7254,68.5144,84.8205,100.0,51.6617,68.5144,0.8174
12,PC,PC,Fighting,,0.4,0.24,0.01,168.99,2.56,1560,12617,12.4,99.2325,100.0,67.7254,68.5144,84.8205,100.0,51.6617,68.5144,0.6055
13,GC,Nintendo GameCube,Sports,,19.71,16.49,0.3,119.53,1.81,528,663,79.6,64.6566,69.4823,68.5144,74.6974,64.6566,79.6857,68.5144,80.5541,29.8369
13,GC,Nintendo GameCube,Action,,18.67,15.62,0.28,119.53,1.81,528,663,79.6,64.6566,69.4823,74.6974,80.5541,64.6566,79.6857,68.5144,80.5541,28.2626
13,GC,Nintendo GameCube,Platform,,17.33,14.5,0.26,119.53,1.81,528,663,79.6,69.4823,75.2496,68.5144,73.0632,64.6566,79.6857,68.5144,80.5541,26.2341
13,GC,Nintendo GameCube,Racing,,13.33,11.15,0.2,119.53,1.81,528,663,79.6,75.2496,79.6857,68.5144,73.0632,64.6566,79.6857,68.5144,80.5541,20.1789
13,GC,Nintendo GameCube,Fighting,,11.1,9.29,0.17,119.53,1.81,528,663,79.6,69.4823,73.6675,73.0632,77.0781,64.6566,79.6857,68.5144,80.5541,16.8031
13,GC,Nintendo GameCube,Shooter,,9.61,8.04,0.15,119.53,1.81,528,663,79.6,69.4823,73.6675,77.0781,80.5541,64.6566,79.6857,68.5144,80.5541,14.5476
13,GC,Nintendo GameCube,Adventure,,7.66,6.41,0.12,119.53,1.81,528,663,79.6,73.6675,77.0571,73.0632,76.4842,64.6566,79.6857,68.5144,80.5541,11.5957
13,GC,Nintendo GameCube,Simulation,,5.94,4.97,0.09,119.53,1.81,528,663,79.6,77.0571,79.6857,73.0632,76.4842,64.6566,79.6857,68.5144,80.5541,8.9919
13,GC,Nintendo GameCube,Misc,,5.6,4.69,0.08,119.53,1.81,528,663,79.6,73.6675,75.7504,76.4842,80.5541,64.6566,79.6857,68.5144,80.5541,8.4773
13,GC,Nintendo GameCube,Role-Playing,,4.69,3.92,0.07,119.53,1.81,528,663,79.6,75.7504,77.808,76.4842,79.9347,64.6566,79.6857,68.5144,80.5541,7.0997
13,GC,Nintendo GameCube,Puzzle,,4.28,3.58,0.06,119.53,1.81,528,663,79.6,77.808,79.6857,76.4842,79.9347,64.6566,79.6857,68.5144,80.5541,6.479
13,GC,Nintendo GameCube,Strategy,,1.49,1.25,0.02,119.53,1.81,528,663,79.6,75.7504,79.3923,79.9347,80.5541,64.6566,79.6857,68.5144,80.5541,2.2556
13,GC,Nintendo GameCube,Education,,0.12,0.1,0.0,119.53,1.81,528,663,79.6,79.3923,79.6857,79.9347,80.5541,64.6566,79.6857,68.5144,80.5541,0.1817
14,3DS,Nintendo 3DS,Role-Playing,,18.22,18.35,0.28,99.27,1.5,562,1192,47.1,64.6566,69.9237,80.5541,85.7906,64.6566,79.6857,80.5541,90.553,27.5814
14,3DS,Nintendo 3DS,Action,,16.57,16.69,0.25,99.27,1.5,562,1192,47.1,64.6566,69.9237,85.7906,90.553,64.6566,79.6857,80.5541,90.553,25.0836
14,3DS,Nintendo 3DS,Simulation,,11.73,11.82,0.18,99.27,1.5,562,1192,47.1,69.9237,74.0725,80.5541,84.834,64.6566,79.6857,80.5541,90.553,17.7568
14,3DS,Nintendo 3DS,Misc,,8.05,8.11,0.12,99.27,1.5,562,1192,47.1,74.0725,76.9198,80.5541,84.834,64.6566,79.6857,80.5541,90.553,12.1861
14,3DS,Nintendo 3DS,Platform,,7.82,7.88,0.12,99.27,1.5,562,1192,47.1,76.9198,79.6857,80.5541,84.834,64.6566,79.6857,80.5541,90.553,11.8379
14,3DS,Nintendo 3DS,Action-Adventure,,7.52,7.58,0.11,99.27,1.5,562,1192,47.1,69.9237,73.7909,84.834,87.7777,64.6566,79.6857,80.5541,90.553,11.3837
14,3DS,Nintendo 3DS,Sports,,7.09,7.14,0.11,99.27,1.5,562,1192,47.1,69.9237,73.7909,87.7777,90.553,64.6566,79.6857,80.5541,90.553,10.7328
14,3DS,Nintendo 3DS,Puzzle,,5.64,5.68,0.09,99.27,1.5,562,1192,47.1,73.7909,76.6231,84.834,87.8485,64.6566,79.6857,80.5541,90.553,8.5378
14,3DS,Nintendo 3DS,Adventure,,5.06,5.1,0.08,99.27,1.5,562,1192,47.1,73.7909,76.6231,87.8485,90.553,64.6566,79.6857,80.5541,90.553,7.6598
14,3DS,Nintendo 3DS,Party,,2.42,2.44,0.04,99.27,1.5,562,1192,47.1,76.6231,78.2101,84.834,87.1424,64.6566,79.6857,80.5541,90.553,3.6634
14,3DS,Nintendo 3DS,Fighting,,2.25,2.27,0.03,99.27,1.5,562,1192,47.1,78.2101,79.6857,84.834,87.1424,64.6566,79.6857,80.5541,90.553,3.406
14,3DS,Nintendo 3DS,Strategy,,2.17,2.19,0.03,99.27,1.5,562,1192,47.1,76.6231,78.2054,87.1424,89.2184,64.6566,79.6857,80.5541,90.553,3.2849
14,3DS,Nintendo 3DS,Racing,,2.03,2.04,0.03,99.27,1.5,562,1192,47.1,78.2054,79.6857,87.1424,89.2184,64.6566,79.6857,80.5541,90.553,3.073
14,3DS,Nintendo 3DS,Music,,1.6,1.61,0.02,99.27,1.5,562,1192,47.1,76.6231,78.438,89.2184,90.553,64.6566,79.6857,80.5541,90.553,2.4221
14,3DS,Nintendo 3DS,Shooter,,0.75,0.76,0.01,99.27,1.5,562,1192,47.1,78.438,79.6857,89.2184,90.1284,64.6566,79.6857,80.5541,90.553,1.1353
14,3DS,Nintendo 3DS,MMO,,0.17,0.17,0.0,99.27,1.5,562,1192,47.1,78.438,79.044,90.1284,90.553,64.6566,79.6857,80.5541,90.553,0.2573
14,3DS,Nintendo 3DS,Education,,0.09,0.09,0.0,99.27,1.5,562,1192,47.1,79.044,79.3648,90.1284,90.553,64.6566,79.6857,80.5541,90.553,0.1362
14,3DS,Nintendo 3DS,Visual Novel,,0.09,0.09,0.0,99.27,1.5,562,1192,47.1,79.3648,79.6857,90.1284,90.553,64.6566,79.6857,80.5541,90.553,0.1362
15,N64,N64,Sports,,26.44,28.19,0.4,93.79,1.42,279,393,71.0,64.6566,71.3579,90.553,96.5257,64.6566,79.6857,90.553,100.0,40.0248
15,N64,N64,Fighting,,15.38,16.4,0.23,93.79,1.42,279,393,71.0,64.6566,71.3579,96.5257,100.0,64.6566,79.6857,90.553,100.0,23.2822
15,N64,N64,Racing,,13.94,14.86,0.21,93.79,1.42,279,393,71.0,71.3579,76.0598,90.553,95.0411,64.6566,79.6857,90.553,100.0,21.1023
15,N64,N64,Action,,10.75,11.46,0.16,93.79,1.42,279,393,71.0,76.0598,79.6857,90.553,95.0411,64.6566,79.6857,90.553,100.0,16.2733
15,N64,N64,Shooter,,8.64,9.21,0.13,93.79,1.42,279,393,71.0,71.3579,73.9954,95.0411,100.0,64.6566,79.6857,90.553,100.0,13.0792
15,N64,N64,Platform,,7.35,7.84,0.11,93.79,1.42,279,393,71.0,73.9954,77.3595,95.0411,98.3485,64.6566,79.6857,90.553,100.0,11.1264
15,N64,N64,Misc,,3.67,3.91,0.06,93.79,1.42,279,393,71.0,73.9954,77.3595,98.3485,100.0,64.6566,79.6857,90.553,100.0,5.5556
15,N64,N64,Puzzle,,3.41,3.64,0.05,93.79,1.42,279,393,71.0,77.3595,79.6857,95.0411,97.2602,64.6566,79.6857,90.553,100.0,5.162
15,N64,N64,Role-Playing,,1.6,1.71,0.02,93.79,1.42,279,393,71.0,77.3595,78.5838,97.2602,99.2386,64.6566,79.6857,90.553,100.0,2.4221
15,N64,N64,Simulation,,1.44,1.54,0.02,93.79,1.42,279,393,71.0,78.5838,79.6857,97.2602,99.2386,64.6566,79.6857,90.553,100.0,2.1799
15,N64,N64,Strategy,,0.78,0.83,0.01,93.79,1.42,279,393,71.0,77.3595,78.9103,99.2386,100.0,64.6566,79.6857,90.553,100.0,1.1808
15,N64,N64,Adventure,,0.39,0.42,0.01,93.79,1.42,279,393,71.0,78.9103,79.6857,99.2386,100.0,64.6566,79.6857,90.553,100.0,0.5904
16,Other,Other platforms,Action,Action,68.12,16.12,1.03,422.52,6.4,1827,18322,10.0,79.6857,91.0321,68.5144,77.6027,79.6857,100.0,68.5144,100.0,103.1198
16,Other,Other platforms,Sports,Sports,53.84,12.74,0.82,422.52,6.4,1827,18322,10.0,91.0321,100.0,68.5144,77.6027,79.6857,100.0,68.5144,100.0,81.5028
16,Other,Other platforms,Platform,Platform,52.58,12.44,0.8,422.52,6.4,1827,18322,10.0,79.6857,90.935,77.6027,84.6782,79.6857,100.0,68.5144,100.0,79.5954
16,Other,Other platforms,Shooter,Shooter,42.37,10.03,0.64,422.52,6.4,1827,18322,10.0,90.935,100.0,77.6027,84.6782,79.6857,100.0,68.5144,100.0,64.1395
16,Other,Other platforms,Role-Playing,Role-Playing,41.14,9.74,0.62,422.52,6.4,1827,18322,10.0,79.6857,87.3723,84.6782,92.7803,79.6857,100.0,68.5144,100.0,62.2776
16,Other,Other platforms,Fighting,Fighting,36.66,8.68,0.55,422.52,6.4,1827,18322,10.0,79.6857,87.3723,92.7803,100.0,79.6857,100.0,68.5144,100.0,55.4958
16,Other,Other platforms,Puzzle,,25.47,6.03,0.39,422.52,6.4,1827,18322,10.0,87.3723,94.4426,84.6782,90.1315,79.6857,100.0,68.5144,100.0,38.5564
16,Other,Other platforms,Adventure,,20.02,4.74,0.3,422.52,6.4,1827,18322,10.0,94.4426,100.0,84.6782,90.1315,79.6857,100.0,68.5144,100.0,30.3062
16,Other,Other platforms,Misc,,19.81,4.69,0.3,422.52,6.4,1827,18322,10.0,87.3723,93.2613,90.1315,95.2239,79.6857,100.0,68.5144,100.0,29.9883
16,Other,Other platforms,Racing,,18.58,4.4,0.28,422.52,6.4,1827,18322,10.0,87.3723,93.2613,95.2239,100.0,79.6857,100.0,68.5144,100.0,28.1263
16,Other,Other platforms,Action-Adventure,,11.14,2.64,0.17,422.52,6.4,1827,18322,10.0,93.2613,96.8275,90.1315,94.8602,79.6857,100.0,68.5144,100.0,16.8637
16,Other,Other platforms,Strategy,,9.91,2.35,0.15,422.52,6.4,1827,18322,10.0,96.8275,100.0,90.1315,94.8602,79.6857,100.0,68.5144,100.0,15.0017
16,Other,Other platforms,Simulation,,9.45,2.24,0.14,422.52,6.4,1827,18322,10.0,93.2613,96.0445,94.8602,100.0,79.6857,100.0,68.5144,100.0,14.3054
16,Other,Other platforms,Music,,7.28,1.72,0.11,422.52,6.4,1827,18322,10.0,96.0445,100.0,94.8602,97.6463,79.6857,100.0,68.5144,100.0,11.0204
16,Other,Other platforms,Sandbox,,1.89,0.45,0.03,422.52,6.4,1827,18322,10.0,96.0445,97.2601,97.6463,100.0,79.6857,100.0,68.5144,100.0,2.8611
16,Other,Other platforms,Party,,1.73,0.41,0.03,422.52,6.4,1827,18322,10.0,97.2601,99.434,97.6463,98.851,79.6857,100.0,68.5144,100.0,2.6189
16,Other,Other platforms,Visual Novel,,1.65,0.39,0.02,422.52,6.4,1827,18322,10.0,97.2601,99.434,98.851,100.0,79.6857,100.0,68.5144,100.0,2.4978
16,Other,Other platforms,MMO,,0.57,0.13,0.01,422.52,6.4,1827,18322,10.0,99.434,100.0,97.6463,99.1709,79.6857,100.0,68.5144,100.0,0.8629
16,Other,Other platforms,Board Game,,0.31,0.07,0.0,422.52,6.4,1827,18322,10.0,99.434,100.0,99.1709,100.0,79.6857,100.0,68.5144,100.0,0.4693
