year,publisher_family,distinct_titles,share_selected_publishers_pct,publisher_order
1980,Atari,3,100.0,1
1980,Sega,0,0.0,7
1980,Nintendo,0,0.0,5
1980,Sony,0,0.0,4
1980,Konami,0,0.0,6
1980,Electronic Arts,0,0.0,3
1980,Ubisoft,0,0.0,2
1981,Atari,6,66.67,1
1981,Sega,0,0.0,7
1981,Nintendo,1,11.11,5
1981,Sony,0,0.0,4
1981,Konami,2,22.22,6
1981,Electronic Arts,0,0.0,3
1981,Ubisoft,0,0.0,2
1982,Atari,24,88.89,1
1982,Sega,2,7.41,7
1982,Nintendo,0,0.0,5
1982,Sony,0,0.0,4
1982,Konami,1,3.7,6
1982,Electronic Arts,0,0.0,3
1982,Ubisoft,0,0.0,2
1983,Atari,31,72.09,1
1983,Sega,8,18.6,7
1983,Nintendo,3,6.98,5
1983,Sony,0,0.0,4
1983,Konami,1,2.33,6
1983,Electronic Arts,0,0.0,3
1983,Ubisoft,0,0.0,2
1984,Atari,11,68.75,1
1984,Sega,2,12.5,7
1984,Nintendo,2,12.5,5
1984,Sony,0,0.0,4
1984,Konami,0,0.0,6
1984,Electronic Arts,1,6.25,3
1984,Ubisoft,0,0.0,2
1985,Atari,0,0.0,1
1985,Sega,4,16.67,7
1985,Nintendo,18,75.0,5
1985,Sony,0,0.0,4
1985,Konami,1,4.17,6
1985,Electronic Arts,1,4.17,3
1985,Ubisoft,0,0.0,2
1986,Atari,4,7.41,1
1986,Sega,25,46.3,7
1986,Nintendo,15,27.78,5
1986,Sony,0,0.0,4
1986,Konami,6,11.11,6
1986,Electronic Arts,4,7.41,3
1986,Ubisoft,0,0.0,2
1987,Atari,11,16.18,1
1987,Sega,31,45.59,7
1987,Nintendo,15,22.06,5
1987,Sony,0,0.0,4
1987,Konami,11,16.18,6
1987,Electronic Arts,0,0.0,3
1987,Ubisoft,0,0.0,2
1988,Atari,14,16.09,1
1988,Sega,46,52.87,7
1988,Nintendo,15,17.24,5
1988,Sony,0,0.0,4
1988,Konami,8,9.2,6
1988,Electronic Arts,4,4.6,3
1988,Ubisoft,0,0.0,2
1989,Atari,14,16.67,1
1989,Sega,40,47.62,7
1989,Nintendo,14,16.67,5
1989,Sony,1,1.19,4
1989,Konami,8,9.52,6
1989,Electronic Arts,5,5.95,3
1989,Ubisoft,2,2.38,2
1990,Atari,23,23.23,1
1990,Sega,34,34.34,7
1990,Nintendo,19,19.19,5
1990,Sony,1,1.01,4
1990,Konami,10,10.1,6
1990,Electronic Arts,10,10.1,3
1990,Ubisoft,2,2.02,2
1991,Atari,16,11.85,1
1991,Sega,64,47.41,7
1991,Nintendo,16,11.85,5
1991,Sony,2,1.48,4
1991,Konami,18,13.33,6
1991,Electronic Arts,17,12.59,3
1991,Ubisoft,2,1.48,2
1992,Atari,20,12.58,1
1992,Sega,60,37.74,7
1992,Nintendo,20,12.58,5
1992,Sony,9,5.66,4
1992,Konami,28,17.61,6
1992,Electronic Arts,21,13.21,3
1992,Ubisoft,1,0.63,2
1993,Atari,5,2.82,1
1993,Sega,89,50.28,7
1993,Nintendo,15,8.47,5
1993,Sony,7,3.95,4
1993,Konami,24,13.56,6
1993,Electronic Arts,31,17.51,3
1993,Ubisoft,6,3.39,2
1994,Atari,14,6.54,1
1994,Sega,91,42.52,7
1994,Nintendo,20,9.35,5
1994,Sony,21,9.81,4
1994,Konami,22,10.28,6
1994,Electronic Arts,44,20.56,3
1994,Ubisoft,2,0.93,2
1995,Atari,20,9.95,1
1995,Sega,89,44.28,7
1995,Nintendo,25,12.44,5
1995,Sony,17,8.46,4
1995,Konami,19,9.45,6
1995,Electronic Arts,30,14.93,3
1995,Ubisoft,1,0.5,2
1996,Atari,5,2.82,1
1996,Sega,66,37.29,7
1996,Nintendo,22,12.43,5
1996,Sony,36,20.34,4
1996,Konami,23,12.99,6
1996,Electronic Arts,24,13.56,3
1996,Ubisoft,1,0.56,2
1997,Atari,2,1.27,1
1997,Sega,37,23.57,7
1997,Nintendo,18,11.46,5
1997,Sony,37,23.57,4
1997,Konami,26,16.56,6
1997,Electronic Arts,34,21.66,3
1997,Ubisoft,3,1.91,2
1998,Atari,4,2.23,1
1998,Sega,32,17.88,7
1998,Nintendo,23,12.85,5
1998,Sony,35,19.55,4
1998,Konami,47,26.26,6
1998,Electronic Arts,32,17.88,3
1998,Ubisoft,6,3.35,2
1999,Atari,10,4.61,1
1999,Sega,36,16.59,7
1999,Nintendo,21,9.68,5
1999,Sony,39,17.97,4
1999,Konami,52,23.96,6
1999,Electronic Arts,43,19.82,3
1999,Ubisoft,16,7.37,2
2000,Atari,8,2.9,1
2000,Sega,62,22.46,7
2000,Nintendo,28,10.14,5
2000,Sony,39,14.13,4
2000,Konami,66,23.91,6
2000,Electronic Arts,44,15.94,3
2000,Ubisoft,29,10.51,2
2001,Atari,13,4.87,1
2001,Sega,43,16.1,7
2001,Nintendo,26,9.74,5
2001,Sony,29,10.86,4
2001,Konami,85,31.84,6
2001,Electronic Arts,35,13.11,3
2001,Ubisoft,36,13.48,2
2002,Atari,32,9.82,1
2002,Sega,38,11.66,7
2002,Nintendo,23,7.06,5
2002,Sony,40,12.27,4
2002,Konami,88,26.99,6
2002,Electronic Arts,54,16.56,3
2002,Ubisoft,51,15.64,2
2003,Atari,50,15.92,1
2003,Sega,29,9.24,7
2003,Nintendo,30,9.55,5
2003,Sony,43,13.69,4
2003,Konami,87,27.71,6
2003,Electronic Arts,45,14.33,3
2003,Ubisoft,30,9.55,2
2004,Atari,41,12.93,1
2004,Sega,45,14.2,7
2004,Nintendo,61,19.24,5
2004,Sony,30,9.46,4
2004,Konami,70,22.08,6
2004,Electronic Arts,41,12.93,3
2004,Ubisoft,29,9.15,2
2005,Atari,30,8.4,1
2005,Sega,52,14.57,7
2005,Nintendo,50,14.01,5
2005,Sony,65,18.21,4
2005,Konami,59,16.53,6
2005,Electronic Arts,60,16.81,3
2005,Ubisoft,41,11.48,2
2006,Atari,25,6.07,1
2006,Sega,62,15.05,7
2006,Nintendo,65,15.78,5
2006,Sony,75,18.2,4
2006,Konami,75,18.2,6
2006,Electronic Arts,54,13.11,3
2006,Ubisoft,56,13.59,2
2007,Atari,35,8.16,1
2007,Sega,50,11.66,7
2007,Nintendo,52,12.12,5
2007,Sony,94,21.91,4
2007,Konami,74,17.25,6
2007,Electronic Arts,62,14.45,3
2007,Ubisoft,62,14.45,2
2008,Atari,37,7.82,1
2008,Sega,56,11.84,7
2008,Nintendo,48,10.15,5
2008,Sony,101,21.35,4
2008,Konami,62,13.11,6
2008,Electronic Arts,81,17.12,3
2008,Ubisoft,88,18.6,2
2009,Atari,23,3.74,1
2009,Sega,48,7.8,7
2009,Nintendo,135,21.95,5
2009,Sony,135,21.95,4
2009,Konami,69,11.22,6
2009,Electronic Arts,102,16.59,3
2009,Ubisoft,103,16.75,2
2010,Atari,15,2.91,1
2010,Sega,52,10.08,7
2010,Nintendo,84,16.28,5
2010,Sony,144,27.91,4
2010,Konami,66,12.79,6
2010,Electronic Arts,86,16.67,3
2010,Ubisoft,69,13.37,2
2011,Atari,15,4.39,1
2011,Sega,38,11.11,7
2011,Nintendo,41,11.99,5
2011,Sony,87,25.44,4
2011,Konami,42,12.28,6
2011,Electronic Arts,55,16.08,3
2011,Ubisoft,64,18.71,2
2012,Atari,1,0.62,1
2012,Sega,25,15.53,7
2012,Nintendo,33,20.5,5
2012,Sony,33,20.5,4
2012,Konami,21,13.04,6
2012,Electronic Arts,19,11.8,3
2012,Ubisoft,29,18.01,2
2013,Atari,1,0.71,1
2013,Sega,20,14.29,7
2013,Nintendo,31,22.14,5
2013,Sony,38,27.14,4
2013,Konami,9,6.43,6
2013,Electronic Arts,17,12.14,3
2013,Ubisoft,24,17.14,2
2014,Atari,2,1.43,1
2014,Sega,25,17.86,7
2014,Nintendo,37,26.43,5
2014,Sony,30,21.43,4
2014,Konami,9,6.43,6
2014,Electronic Arts,13,9.29,3
2014,Ubisoft,24,17.14,2
2015,Atari,3,2.63,1
2015,Sega,14,12.28,7
2015,Nintendo,34,29.82,5
2015,Sony,21,18.42,4
2015,Konami,8,7.02,6
2015,Electronic Arts,18,15.79,3
2015,Ubisoft,16,14.04,2
2016,Atari,3,2.68,1
2016,Sega,12,10.71,7
2016,Nintendo,29,25.89,5
2016,Sony,34,30.36,4
2016,Konami,6,5.36,6
2016,Electronic Arts,11,9.82,3
2016,Ubisoft,17,15.18,2
2017,Atari,0,0.0,1
2017,Sega,13,13.54,7
2017,Nintendo,31,32.29,5
2017,Sony,28,29.17,4
2017,Konami,3,3.12,6
2017,Electronic Arts,8,8.33,3
2017,Ubisoft,13,13.54,2
2018,Atari,3,3.26,1
2018,Sega,15,16.3,7
2018,Nintendo,21,22.83,5
2018,Sony,19,20.65,4
2018,Konami,7,7.61,6
2018,Electronic Arts,13,14.13,3
2018,Ubisoft,14,15.22,2
2019,Atari,1,1.43,1
2019,Sega,13,18.57,7
2019,Nintendo,21,30.0,5
2019,Sony,11,15.71,4
2019,Konami,6,8.57,6
2019,Electronic Arts,9,12.86,3
2019,Ubisoft,9,12.86,2
2020,Atari,0,0.0,1
2020,Sega,16,17.78,7
2020,Nintendo,20,22.22,5
2020,Sony,24,26.67,4
2020,Konami,3,3.33,6
2020,Electronic Arts,12,13.33,3
2020,Ubisoft,15,16.67,2
2021,Atari,0,0.0,1
2021,Sega,7,21.88,7
2021,Nintendo,13,40.62,5
2021,Sony,4,12.5,4
2021,Konami,0,0.0,6
2021,Electronic Arts,6,18.75,3
2021,Ubisoft,2,6.25,2
2022,Atari,0,0.0,1
2022,Sega,3,13.64,7
2022,Nintendo,12,54.55,5
2022,Sony,4,18.18,4
2022,Konami,2,9.09,6
2022,Electronic Arts,1,4.55,3
2022,Ubisoft,0,0.0,2
2023,Atari,0,0.0,1
2023,Sega,1,7.14,7
2023,Nintendo,9,64.29,5
2023,Sony,1,7.14,4
2023,Konami,1,7.14,6
2023,Electronic Arts,2,14.29,3
2023,Ubisoft,0,0.0,2
2024,Atari,0,0.0,1
2024,Sega,0,0.0,7
2024,Nintendo,0,0.0,5
2024,Sony,2,100.0,4
2024,Konami,0,0.0,6
2024,Electronic Arts,0,0.0,3
2024,Ubisoft,0,0.0,2
