publisher,publisher_rank,publisher_total_titles,publisher_total_associations,ecosystem,ecosystem_total_associations,flow_count,publisher_share_pct,ecosystem_share_pct,x,x2,y0,y1,node_x0,node_x1,node_y0,node_y1,source_x0,source_x1,target_x0,target_x1,source_node_y0,source_node_y1,target_node_y0,target_node_y1,source_mid_y,target_mid_y,flow_mid_y0,flow_mid_y1,flow_mid_x0,flow_mid_x1,publisher_label,ecosystem_label,publisher_total_label,ecosystem_total_label,publisher_color
Sega,2,1486,1972,Nintendo,2284,188,9.53,8.23,0,1,6,7.1915,0,1,6,7.266,8,20,80,92,6,18.4983,6,21.3805,12.2492,13.6902,6.5957,6.633,44,56,Sega,Nintendo,"1,972","2,284",#4C78A8
Sega,2,1486,1972,PlayStation,2187,309,15.67,14.13,0,1,7.1915,9.1499,0,1,25.3805,27.4613,8,20,80,92,6,18.4983,25.3805,40.1077,12.2492,32.7441,8.1707,26.4209,44,56,Sega,PlayStation,"1,972","2,187",#4C78A8
Sega,2,1486,1972,Xbox,641,125,6.34,19.5,0,1,9.1499,9.9422,0,1,44.1077,44.9495,8,20,80,92,6,18.4983,44.1077,48.4242,12.2492,46.266,9.5461,44.5286,44,56,Sega,Xbox,"1,972",641,#4C78A8
Sega,2,1486,1972,Computer,1072,221,11.21,20.62,0,1,9.9422,11.3428,0,1,52.4242,53.9125,8,20,80,92,6,18.4983,52.4242,59.6431,12.2492,56.0337,10.6425,53.1684,44,56,Sega,Computer,"1,972","1,072",#4C78A8
Sega,2,1486,1972,Sega,851,685,34.74,80.49,0,1,11.3428,15.6843,0,1,63.6431,68.2559,8,20,80,92,6,18.4983,63.6431,69.3737,12.2492,66.5084,13.5136,65.9495,44,56,Sega,Sega,"1,972",851,#4C78A8
Sega,2,1486,1972,Other Platforms,3063,444,22.52,14.5,0,1,15.6843,18.4983,0,1,73.3737,76.3636,8,20,80,92,6,18.4983,73.3737,94.0,12.2492,83.6869,17.0913,74.8687,44,56,Sega,Other Platforms,"1,972","3,063",#4C78A8
Microsoft,3,1268,1272,Xbox,641,41,3.22,6.4,0,1,22.4983,22.7582,0,1,44.9495,45.2256,8,20,80,92,22.4983,30.5601,44.1077,48.4242,26.5292,46.266,22.6283,45.0876,44,56,Microsoft,Xbox,"1,272",641,#F58518
Microsoft,3,1268,1272,Computer,1072,54,4.25,5.04,0,1,22.7582,23.1004,0,1,53.9125,54.2761,8,20,80,92,22.4983,30.5601,52.4242,59.6431,26.5292,56.0337,22.9293,54.0943,44,56,Microsoft,Computer,"1,272","1,072",#F58518
Microsoft,3,1268,1272,Other Platforms,3063,1177,92.53,38.43,0,1,23.1004,30.5601,0,1,76.3636,84.2896,8,20,80,92,22.4983,30.5601,73.3737,94.0,26.5292,83.6869,26.8302,80.3266,44,56,Microsoft,Other Platforms,"1,272","3,063",#F58518
Nintendo,4,1217,1343,Nintendo,2284,904,67.31,39.58,0,1,34.5601,40.2896,0,1,7.266,13.3535,8,20,80,92,34.5601,43.0719,6,21.3805,38.816,13.6902,37.4248,10.3098,44,56,Nintendo,Nintendo,"1,343","2,284",#E45756
Nintendo,4,1217,1343,Computer,1072,1,0.07,0.09,0,1,40.2896,40.2959,0,1,54.2761,54.2828,8,20,80,92,34.5601,43.0719,52.4242,59.6431,38.816,56.0337,40.2927,54.2794,44,56,Nintendo,Computer,"1,343","1,072",#E45756
Nintendo,4,1217,1343,Other Platforms,3063,438,32.61,14.3,0,1,40.2959,43.0719,0,1,84.2896,87.2391,8,20,80,92,34.5601,43.0719,73.3737,94.0,38.816,83.6869,41.6839,85.7643,44,56,Nintendo,Other Platforms,"1,343","3,063",#E45756
Konami,5,1172,1441,Nintendo,2284,568,39.42,24.87,0,1,47.0719,50.6718,0,1,13.3535,17.1785,8,20,80,92,47.0719,56.2048,6,21.3805,51.6383,13.6902,48.8718,15.266,44,56,Konami,Nintendo,"1,441","2,284",#72B7B2
Konami,5,1172,1441,PlayStation,2187,523,36.29,23.91,0,1,50.6718,53.9865,0,1,27.4613,30.9832,8,20,80,92,47.0719,56.2048,25.3805,40.1077,51.6383,32.7441,52.3291,29.2223,44,56,Konami,PlayStation,"1,441","2,187",#72B7B2
Konami,5,1172,1441,Xbox,641,79,5.48,12.32,0,1,53.9865,54.4872,0,1,45.2256,45.7576,8,20,80,92,47.0719,56.2048,44.1077,48.4242,51.6383,46.266,54.2369,45.4916,44,56,Konami,Xbox,"1,441",641,#72B7B2
Konami,5,1172,1441,Computer,1072,61,4.23,5.69,0,1,54.4872,54.8738,0,1,54.2828,54.6936,8,20,80,92,47.0719,56.2048,52.4242,59.6431,51.6383,56.0337,54.6805,54.4882,44,56,Konami,Computer,"1,441","1,072",#72B7B2
Konami,5,1172,1441,Sega,851,55,3.82,6.46,0,1,54.8738,55.2224,0,1,68.2559,68.6263,8,20,80,92,47.0719,56.2048,63.6431,69.3737,51.6383,66.5084,55.0481,68.4411,44,56,Konami,Sega,"1,441",851,#72B7B2
Konami,5,1172,1441,Other Platforms,3063,155,10.76,5.06,0,1,55.2224,56.2048,0,1,87.2391,88.2828,8,20,80,92,47.0719,56.2048,73.3737,94.0,51.6383,83.6869,55.7136,87.7609,44,56,Konami,Other Platforms,"1,441","3,063",#72B7B2
Sony Computer Entertainment,6,1093,1237,PlayStation,2187,797,64.43,36.44,0,1,60.2048,65.2561,0,1,30.9832,36.3502,8,20,80,92,60.2048,68.0448,25.3805,40.1077,64.1248,32.7441,62.7305,33.6667,44,56,Sony Computer Entertainment,PlayStation,"1,237","2,187",#54A24B
Sony Computer Entertainment,6,1093,1237,Computer,1072,8,0.65,0.75,0,1,65.2561,65.3068,0,1,54.6936,54.7475,8,20,80,92,60.2048,68.0448,52.4242,59.6431,64.1248,56.0337,65.2815,54.7206,44,56,Sony Computer Entertainment,Computer,"1,237","1,072",#54A24B
Sony Computer Entertainment,6,1093,1237,Sega,851,3,0.24,0.35,0,1,65.3068,65.3258,0,1,68.6263,68.6465,8,20,80,92,60.2048,68.0448,63.6431,69.3737,64.1248,66.5084,65.3163,68.6364,44,56,Sony Computer Entertainment,Sega,"1,237",851,#54A24B
Sony Computer Entertainment,6,1093,1237,Other Platforms,3063,429,34.68,14.01,0,1,65.3258,68.0448,0,1,88.2828,91.1717,8,20,80,92,60.2048,68.0448,73.3737,94.0,64.1248,83.6869,66.6853,89.7272,44,56,Sony Computer Entertainment,Other Platforms,"1,237","3,063",#54A24B
Ubisoft,7,862,1438,Nintendo,2284,435,30.25,19.05,0,1,72.0448,74.8017,0,1,17.1785,20.1077,8,20,80,92,72.0448,81.1586,6,21.3805,76.6017,13.6902,73.4232,18.6431,44,56,Ubisoft,Nintendo,"1,438","2,284",#EECA3B
Ubisoft,7,862,1438,PlayStation,2187,278,19.33,12.71,0,1,74.8017,76.5637,0,1,36.3502,38.2222,8,20,80,92,72.0448,81.1586,25.3805,40.1077,76.6017,32.7441,75.6827,37.2862,44,56,Ubisoft,PlayStation,"1,438","2,187",#EECA3B
Ubisoft,7,862,1438,Xbox,641,219,15.23,34.17,0,1,76.5637,77.9517,0,1,45.7576,47.2323,8,20,80,92,72.0448,81.1586,44.1077,48.4242,76.6017,46.266,77.2577,46.495,44,56,Ubisoft,Xbox,"1,438",641,#EECA3B
Ubisoft,7,862,1438,Computer,1072,314,21.84,29.29,0,1,77.9517,79.9418,0,1,54.7475,56.862,8,20,80,92,72.0448,81.1586,52.4242,59.6431,76.6017,56.0337,78.9468,55.8047,44,56,Ubisoft,Computer,"1,438","1,072",#EECA3B
Ubisoft,7,862,1438,Sega,851,20,1.39,2.35,0,1,79.9418,80.0685,0,1,68.6465,68.7811,8,20,80,92,72.0448,81.1586,63.6431,69.3737,76.6017,66.5084,80.0052,68.7138,44,56,Ubisoft,Sega,"1,438",851,#EECA3B
Ubisoft,7,862,1438,Other Platforms,3063,172,11.96,5.62,0,1,80.0685,81.1586,0,1,91.1717,92.33,8,20,80,92,72.0448,81.1586,73.3737,94.0,76.6017,83.6869,80.6136,91.7508,44,56,Ubisoft,Other Platforms,"1,438","3,063",#EECA3B
Electronic Arts,8,850,1395,Nintendo,2284,189,13.55,8.27,0,1,85.1586,86.3565,0,1,20.1077,21.3805,8,20,80,92,85.1586,94.0,6,21.3805,89.5793,13.6902,85.7576,20.7441,44,56,Electronic Arts,Nintendo,"1,395","2,284",#B279A2
Electronic Arts,8,850,1395,PlayStation,2187,280,20.07,12.8,0,1,86.3565,88.1311,0,1,38.2222,40.1077,8,20,80,92,85.1586,94.0,25.3805,40.1077,89.5793,32.7441,87.2438,39.165,44,56,Electronic Arts,PlayStation,"1,395","2,187",#B279A2
Electronic Arts,8,850,1395,Xbox,641,177,12.69,27.61,0,1,88.1311,89.2529,0,1,47.2323,48.4242,8,20,80,92,85.1586,94.0,44.1077,48.4242,89.5793,46.266,88.692,47.8282,44,56,Electronic Arts,Xbox,"1,395",641,#B279A2
Electronic Arts,8,850,1395,Computer,1072,413,29.61,38.53,0,1,89.2529,91.8705,0,1,56.862,59.6431,8,20,80,92,85.1586,94.0,52.4242,59.6431,89.5793,56.0337,90.5617,58.2525,44,56,Electronic Arts,Computer,"1,395","1,072",#B279A2
Electronic Arts,8,850,1395,Sega,851,88,6.31,10.34,0,1,91.8705,92.4282,0,1,68.7811,69.3737,8,20,80,92,85.1586,94.0,63.6431,69.3737,89.5793,66.5084,92.1493,69.0774,44,56,Electronic Arts,Sega,"1,395",851,#B279A2
Electronic Arts,8,850,1395,Other Platforms,3063,248,17.78,8.1,0,1,92.4282,94.0,0,1,92.33,94.0,8,20,80,92,85.1586,94.0,73.3737,94.0,89.5793,83.6869,93.2141,93.165,44,56,Electronic Arts,Other Platforms,"1,395","3,063",#B279A2
