year,publisher,publisher_rank,publisher_total_distinct_titles,distinct_titles,selected_publishers_total_titles,share_selected_publishers_pct
1980,Sega,1,1486,0,0,0.0
1980,Microsoft,2,1268,0,0,0.0
1980,Nintendo,3,1217,0,0,0.0
1980,Konami,4,1172,0,0,0.0
1980,Sony Computer Entertainment,5,1093,0,0,0.0
1980,Ubisoft,6,862,0,0,0.0
1980,Electronic Arts,7,850,0,0,0.0
1981,Sega,1,1486,0,4,0.0
1981,Microsoft,2,1268,1,4,25.0
1981,Nintendo,3,1217,1,4,25.0
1981,Konami,4,1172,2,4,50.0
1981,Sony Computer Entertainment,5,1093,0,4,0.0
1981,Ubisoft,6,862,0,4,0.0
1981,Electronic Arts,7,850,0,4,0.0
1982,Sega,1,1486,2,5,40.0
1982,Microsoft,2,1268,2,5,40.0
1982,Nintendo,3,1217,0,5,0.0
1982,Konami,4,1172,1,5,20.0
1982,Sony Computer Entertainment,5,1093,0,5,0.0
1982,Ubisoft,6,862,0,5,0.0
1982,Electronic Arts,7,850,0,5,0.0
1983,Sega,1,1486,8,12,66.67
1983,Microsoft,2,1268,0,12,0.0
1983,Nintendo,3,1217,3,12,25.0
1983,Konami,4,1172,1,12,8.33
1983,Sony Computer Entertainment,5,1093,0,12,0.0
1983,Ubisoft,6,862,0,12,0.0
1983,Electronic Arts,7,850,0,12,0.0
1984,Sega,1,1486,1,4,25.0
1984,Microsoft,2,1268,0,4,0.0
1984,Nintendo,3,1217,2,4,50.0
1984,Konami,4,1172,0,4,0.0
1984,Sony Computer Entertainment,5,1093,0,4,0.0
1984,Ubisoft,6,862,0,4,0.0
1984,Electronic Arts,7,850,1,4,25.0
1985,Sega,1,1486,4,24,16.67
1985,Microsoft,2,1268,0,24,0.0
1985,Nintendo,3,1217,18,24,75.0
1985,Konami,4,1172,1,24,4.17
1985,Sony Computer Entertainment,5,1093,0,24,0.0
1985,Ubisoft,6,862,0,24,0.0
1985,Electronic Arts,7,850,1,24,4.17
1986,Sega,1,1486,25,50,50.0
1986,Microsoft,2,1268,0,50,0.0
1986,Nintendo,3,1217,15,50,30.0
1986,Konami,4,1172,6,50,12.0
1986,Sony Computer Entertainment,5,1093,0,50,0.0
1986,Ubisoft,6,862,0,50,0.0
1986,Electronic Arts,7,850,4,50,8.0
1987,Sega,1,1486,31,57,54.39
1987,Microsoft,2,1268,0,57,0.0
1987,Nintendo,3,1217,15,57,26.32
1987,Konami,4,1172,11,57,19.3
1987,Sony Computer Entertainment,5,1093,0,57,0.0
1987,Ubisoft,6,862,0,57,0.0
1987,Electronic Arts,7,850,0,57,0.0
1988,Sega,1,1486,46,73,63.01
1988,Microsoft,2,1268,0,73,0.0
1988,Nintendo,3,1217,15,73,20.55
1988,Konami,4,1172,8,73,10.96
1988,Sony Computer Entertainment,5,1093,0,73,0.0
1988,Ubisoft,6,862,0,73,0.0
1988,Electronic Arts,7,850,4,73,5.48
1989,Sega,1,1486,40,69,57.97
1989,Microsoft,2,1268,0,69,0.0
1989,Nintendo,3,1217,14,69,20.29
1989,Konami,4,1172,8,69,11.59
1989,Sony Computer Entertainment,5,1093,0,69,0.0
1989,Ubisoft,6,862,2,69,2.9
1989,Electronic Arts,7,850,5,69,7.25
1990,Sega,1,1486,34,76,44.74
1990,Microsoft,2,1268,1,76,1.32
1990,Nintendo,3,1217,19,76,25.0
1990,Konami,4,1172,10,76,13.16
1990,Sony Computer Entertainment,5,1093,0,76,0.0
1990,Ubisoft,6,862,2,76,2.63
1990,Electronic Arts,7,850,10,76,13.16
1991,Sega,1,1486,64,115,55.65
1991,Microsoft,2,1268,0,115,0.0
1991,Nintendo,3,1217,16,115,13.91
1991,Konami,4,1172,17,115,14.78
1991,Sony Computer Entertainment,5,1093,0,115,0.0
1991,Ubisoft,6,862,2,115,1.74
1991,Electronic Arts,7,850,16,115,13.91
1992,Sega,1,1486,60,127,47.24
1992,Microsoft,2,1268,0,127,0.0
1992,Nintendo,3,1217,20,127,15.75
1992,Konami,4,1172,27,127,21.26
1992,Sony Computer Entertainment,5,1093,0,127,0.0
1992,Ubisoft,6,862,1,127,0.79
1992,Electronic Arts,7,850,19,127,14.96
1993,Sega,1,1486,89,160,55.62
1993,Microsoft,2,1268,1,160,0.62
1993,Nintendo,3,1217,15,160,9.38
1993,Konami,4,1172,22,160,13.75
1993,Sony Computer Entertainment,5,1093,0,160,0.0
1993,Ubisoft,6,862,6,160,3.75
1993,Electronic Arts,7,850,27,160,16.88
1994,Sega,1,1486,91,170,53.53
1994,Microsoft,2,1268,2,170,1.18
1994,Nintendo,3,1217,20,170,11.76
1994,Konami,4,1172,22,170,12.94
1994,Sony Computer Entertainment,5,1093,4,170,2.35
1994,Ubisoft,6,862,2,170,1.18
1994,Electronic Arts,7,850,29,170,17.06
1995,Sega,1,1486,89,172,51.74
1995,Microsoft,2,1268,3,172,1.74
1995,Nintendo,3,1217,25,172,14.53
1995,Konami,4,1172,19,172,11.05
1995,Sony Computer Entertainment,5,1093,18,172,10.47
1995,Ubisoft,6,862,1,172,0.58
1995,Electronic Arts,7,850,17,172,9.88
1996,Sega,1,1486,64,167,38.32
1996,Microsoft,2,1268,6,167,3.59
1996,Nintendo,3,1217,22,167,13.17
1996,Konami,4,1172,23,167,13.77
1996,Sony Computer Entertainment,5,1093,36,167,21.56
1996,Ubisoft,6,862,1,167,0.6
1996,Electronic Arts,7,850,15,167,8.98
1997,Sega,1,1486,35,143,24.48
1997,Microsoft,2,1268,3,143,2.1
1997,Nintendo,3,1217,18,143,12.59
1997,Konami,4,1172,26,143,18.18
1997,Sony Computer Entertainment,5,1093,37,143,25.87
1997,Ubisoft,6,862,3,143,2.1
1997,Electronic Arts,7,850,21,143,14.69
1998,Sega,1,1486,31,166,18.67
1998,Microsoft,2,1268,6,166,3.61
1998,Nintendo,3,1217,23,166,13.86
1998,Konami,4,1172,47,166,28.31
1998,Sony Computer Entertainment,5,1093,33,166,19.88
1998,Ubisoft,6,862,6,166,3.61
1998,Electronic Arts,7,850,20,166,12.05
1999,Sega,1,1486,36,200,18.0
1999,Microsoft,2,1268,10,200,5.0
1999,Nintendo,3,1217,21,200,10.5
1999,Konami,4,1172,52,200,26.0
1999,Sony Computer Entertainment,5,1093,38,200,19.0
1999,Ubisoft,6,862,16,200,8.0
1999,Electronic Arts,7,850,27,200,13.5
2000,Sega,1,1486,61,257,23.74
2000,Microsoft,2,1268,10,257,3.89
2000,Nintendo,3,1217,28,257,10.89
2000,Konami,4,1172,65,257,25.29
2000,Sony Computer Entertainment,5,1093,39,257,15.18
2000,Ubisoft,6,862,29,257,11.28
2000,Electronic Arts,7,850,25,257,9.73
2001,Sega,1,1486,42,256,16.41
2001,Microsoft,2,1268,14,256,5.47
2001,Nintendo,3,1217,26,256,10.16
2001,Konami,4,1172,85,256,33.2
2001,Sony Computer Entertainment,5,1093,28,256,10.94
2001,Ubisoft,6,862,36,256,14.06
2001,Electronic Arts,7,850,25,256,9.77
2002,Sega,1,1486,38,281,13.52
2002,Microsoft,2,1268,8,281,2.85
2002,Nintendo,3,1217,23,281,8.19
2002,Konami,4,1172,88,281,31.32
2002,Sony Computer Entertainment,5,1093,38,281,13.52
2002,Ubisoft,6,862,51,281,18.15
2002,Electronic Arts,7,850,35,281,12.46
2003,Sega,1,1486,29,250,11.6
2003,Microsoft,2,1268,5,250,2.0
2003,Nintendo,3,1217,30,250,12.0
2003,Konami,4,1172,87,250,34.8
2003,Sony Computer Entertainment,5,1093,38,250,15.2
2003,Ubisoft,6,862,30,250,12.0
2003,Electronic Arts,7,850,31,250,12.4
2004,Sega,1,1486,45,262,17.18
2004,Microsoft,2,1268,6,262,2.29
2004,Nintendo,3,1217,61,262,23.28
2004,Konami,4,1172,70,262,26.72
2004,Sony Computer Entertainment,5,1093,26,262,9.92
2004,Ubisoft,6,862,29,262,11.07
2004,Electronic Arts,7,850,25,262,9.54
2005,Sega,1,1486,52,304,17.11
2005,Microsoft,2,1268,7,304,2.3
2005,Nintendo,3,1217,50,304,16.45
2005,Konami,4,1172,59,304,19.41
2005,Sony Computer Entertainment,5,1093,58,304,19.08
2005,Ubisoft,6,862,41,304,13.49
2005,Electronic Arts,7,850,37,304,12.17
2006,Sega,1,1486,62,370,16.76
2006,Microsoft,2,1268,6,370,1.62
2006,Nintendo,3,1217,65,370,17.57
2006,Konami,4,1172,75,370,20.27
2006,Sony Computer Entertainment,5,1093,70,370,18.92
2006,Ubisoft,6,862,56,370,15.14
2006,Electronic Arts,7,850,36,370,9.73
2007,Sega,1,1486,50,383,13.05
2007,Microsoft,2,1268,12,383,3.13
2007,Nintendo,3,1217,52,383,13.58
2007,Konami,4,1172,73,383,19.06
2007,Sony Computer Entertainment,5,1093,82,383,21.41
2007,Ubisoft,6,862,62,383,16.19
2007,Electronic Arts,7,850,52,383,13.58
2008,Sega,1,1486,56,541,10.35
2008,Microsoft,2,1268,124,541,22.92
2008,Nintendo,3,1217,48,541,8.87
2008,Konami,4,1172,62,541,11.46
2008,Sony Computer Entertainment,5,1093,96,541,17.74
2008,Ubisoft,6,862,88,541,16.27
2008,Electronic Arts,7,850,67,541,12.38
2009,Sega,1,1486,48,1230,3.9
2009,Microsoft,2,1268,659,1230,53.58
2009,Nintendo,3,1217,135,1230,10.98
2009,Konami,4,1172,69,1230,5.61
2009,Sony Computer Entertainment,5,1093,126,1230,10.24
2009,Ubisoft,6,862,103,1230,8.37
2009,Electronic Arts,7,850,90,1230,7.32
2010,Sega,1,1486,52,621,8.37
2010,Microsoft,2,1268,146,621,23.51
2010,Nintendo,3,1217,84,621,13.53
2010,Konami,4,1172,67,621,10.79
2010,Sony Computer Entertainment,5,1093,130,621,20.93
2010,Ubisoft,6,862,69,621,11.11
2010,Electronic Arts,7,850,73,621,11.76
2011,Sega,1,1486,38,538,7.06
2011,Microsoft,2,1268,232,538,43.12
2011,Nintendo,3,1217,41,538,7.62
2011,Konami,4,1172,40,538,7.43
2011,Sony Computer Entertainment,5,1093,77,538,14.31
2011,Ubisoft,6,862,64,538,11.9
2011,Electronic Arts,7,850,46,538,8.55
2012,Sega,1,1486,25,138,18.12
2012,Microsoft,2,1268,2,138,1.45
2012,Nintendo,3,1217,33,138,23.91
2012,Konami,4,1172,7,138,5.07
2012,Sony Computer Entertainment,5,1093,29,138,21.01
2012,Ubisoft,6,862,29,138,21.01
2012,Electronic Arts,7,850,13,138,9.42
2013,Sega,1,1486,20,110,18.18
2013,Microsoft,2,1268,0,110,0.0
2013,Nintendo,3,1217,31,110,28.18
2013,Konami,4,1172,1,110,0.91
2013,Sony Computer Entertainment,5,1093,22,110,20.0
2013,Ubisoft,6,862,24,110,21.82
2013,Electronic Arts,7,850,12,110,10.91
2014,Sega,1,1486,25,124,20.16
2014,Microsoft,2,1268,0,124,0.0
2014,Nintendo,3,1217,37,124,29.84
2014,Konami,4,1172,1,124,0.81
2014,Sony Computer Entertainment,5,1093,28,124,22.58
2014,Ubisoft,6,862,24,124,19.35
2014,Electronic Arts,7,850,9,124,7.26
2015,Sega,1,1486,14,99,14.14
2015,Microsoft,2,1268,0,99,0.0
2015,Nintendo,3,1217,34,99,34.34
2015,Konami,4,1172,2,99,2.02
2015,Sony Computer Entertainment,5,1093,22,99,22.22
2015,Ubisoft,6,862,15,99,15.15
2015,Electronic Arts,7,850,12,99,12.12
2016,Sega,1,1486,12,73,16.44
2016,Microsoft,2,1268,0,73,0.0
2016,Nintendo,3,1217,29,73,39.73
2016,Konami,4,1172,1,73,1.37
2016,Sony Computer Entertainment,5,1093,6,73,8.22
2016,Ubisoft,6,862,17,73,23.29
2016,Electronic Arts,7,850,8,73,10.96
2017,Sega,1,1486,13,63,20.63
2017,Microsoft,2,1268,0,63,0.0
2017,Nintendo,3,1217,31,63,49.21
2017,Konami,4,1172,1,63,1.59
2017,Sony Computer Entertainment,5,1093,0,63,0.0
2017,Ubisoft,6,862,13,63,20.63
2017,Electronic Arts,7,850,5,63,7.94
2018,Sega,1,1486,15,66,22.73
2018,Microsoft,2,1268,0,66,0.0
2018,Nintendo,3,1217,21,66,31.82
2018,Konami,4,1172,6,66,9.09
2018,Sony Computer Entertainment,5,1093,0,66,0.0
2018,Ubisoft,6,862,14,66,21.21
2018,Electronic Arts,7,850,10,66,15.15
2019,Sega,1,1486,13,58,22.41
2019,Microsoft,2,1268,1,58,1.72
2019,Nintendo,3,1217,21,58,36.21
2019,Konami,4,1172,6,58,10.34
2019,Sony Computer Entertainment,5,1093,2,58,3.45
2019,Ubisoft,6,862,9,58,15.52
2019,Electronic Arts,7,850,6,58,10.34
2020,Sega,1,1486,15,69,21.74
2020,Microsoft,2,1268,0,69,0.0
2020,Nintendo,3,1217,20,69,28.99
2020,Konami,4,1172,1,69,1.45
2020,Sony Computer Entertainment,5,1093,8,69,11.59
2020,Ubisoft,6,862,15,69,21.74
2020,Electronic Arts,7,850,10,69,14.49
2021,Sega,1,1486,7,25,28.0
2021,Microsoft,2,1268,0,25,0.0
2021,Nintendo,3,1217,13,25,52.0
2021,Konami,4,1172,0,25,0.0
2021,Sony Computer Entertainment,5,1093,0,25,0.0
2021,Ubisoft,6,862,2,25,8.0
2021,Electronic Arts,7,850,3,25,12.0
2022,Sega,1,1486,3,20,15.0
2022,Microsoft,2,1268,0,20,0.0
2022,Nintendo,3,1217,12,20,60.0
2022,Konami,4,1172,2,20,10.0
2022,Sony Computer Entertainment,5,1093,2,20,10.0
2022,Ubisoft,6,862,0,20,0.0
2022,Electronic Arts,7,850,1,20,5.0
2023,Sega,1,1486,1,13,7.69
2023,Microsoft,2,1268,0,13,0.0
2023,Nintendo,3,1217,9,13,69.23
2023,Konami,4,1172,1,13,7.69
2023,Sony Computer Entertainment,5,1093,0,13,0.0
2023,Ubisoft,6,862,0,13,0.0
2023,Electronic Arts,7,850,2,13,15.38
2024,Sega,1,1486,0,0,0.0
2024,Microsoft,2,1268,0,0,0.0
2024,Nintendo,3,1217,0,0,0.0
2024,Konami,4,1172,0,0,0.0
2024,Sony Computer Entertainment,5,1093,0,0,0.0
2024,Ubisoft,6,862,0,0,0.0
2024,Electronic Arts,7,850,0,0,0.0
